id,name,created_at,updated_at
1,Ceylonz,2017-07-05 07:47:40.672743,2017-07-05 07:47:40.672743
2,Nidoz,2017-07-05 07:47:40.790856,2017-07-05 07:47:40.790856
3,Novum,2017-07-05 07:47:41.305912,2017-07-05 07:47:41.305912
4,Agile,2017-07-05 07:47:41.452214,2017-07-05 07:47:41.452214
5,Novus,2017-07-05 07:47:42.284195,2017-07-05 07:47:42.284195
6,Sentul Point,2017-07-05 07:47:42.978048,2017-07-05 07:47:42.978048
7,The Rainz,2017-07-05 07:47:43.977258,2017-07-05 07:47:43.977258
9,Millerz,2017-07-05 07:47:44.150359,2017-07-05 07:47:44.150359
11,Expressionz,2017-07-08 07:42:54.907665,2017-07-08 07:42:54.907665
