id,percentage,nett_value,spa,comm,ren_id,sale_id,created_at,updated_at
633,50.0,234500.0,260000.0,1763.44,31,106,2017-04-29 09:12:47.981069,2017-04-29 09:12:47.985998
1,100.0,741370.0,872200.0,11847.09,2,1,2017-04-29 09:10:10.060564,2017-04-29 09:10:10.138738
634,50.0,234500.0,260000.0,1763.44,50,106,2017-04-29 09:12:47.992175,2017-04-29 09:12:47.996075
913,50.0,281619.9,329380.0,4500.286002,8,470,2017-05-28 01:56:02.696218,2017-05-28 01:56:02.704341
914,25.0,140809.95,164690.0,2250.143001,27,470,2017-05-28 01:56:02.714233,2017-05-28 01:56:02.721036
915,12.5,70404.975,82345.0,1125.0715005,28,470,2017-05-28 01:56:02.728918,2017-05-28 01:56:02.73504
916,12.5,70404.975,82345.0,1125.0715005,2,470,2017-05-28 01:56:02.7458,2017-05-28 01:56:02.752048
820,50.0,340413.95,426050.0,5439.814921,28,365,2017-05-16 14:03:04.423635,2017-05-16 14:03:04.437965
2,12.5,94158.75,110775.0,1504.66,3,2,2017-04-29 09:10:10.221039,2017-04-29 09:10:10.541517
3,12.5,94158.75,110775.0,1504.66,4,2,2017-04-29 09:10:10.307475,2017-04-29 09:10:10.543282
4,37.5,282476.25,332325.0,4513.97,5,2,2017-04-29 09:10:10.390676,2017-04-29 09:10:10.544974
5,37.5,282476.25,332325.0,4513.97,6,2,2017-04-29 09:10:10.478777,2017-04-29 09:10:10.546658
821,50.0,340413.95,426050.0,5439.814921,2,365,2017-05-16 14:03:04.455975,2017-05-16 14:03:04.469406
6,100.0,448000.0,448000.0,3360.12,7,3,2017-04-29 09:10:10.636958,2017-04-29 09:10:10.674521
848,50.0,275634.5,322380.0,4404.63931,48,449,2017-05-21 07:15:18.276474,2017-05-21 07:15:18.35561
849,25.0,137817.25,161190.0,2202.319655,8,449,2017-05-21 07:15:18.392689,2017-05-21 07:15:18.412488
850,12.5,68908.625,80595.0,1101.1598275,4,449,2017-05-21 07:15:18.439487,2017-05-21 07:15:18.470885
7,75.0,535882.5,630450.0,8563.4,8,4,2017-04-29 09:10:10.755933,2017-04-29 09:10:10.981496
8,12.5,89313.75,105075.0,1427.23,3,4,2017-04-29 09:10:10.835976,2017-04-29 09:10:10.98307
9,12.5,89313.75,105075.0,1427.23,4,4,2017-04-29 09:10:10.920244,2017-04-29 09:10:10.984823
851,12.5,68908.625,80595.0,1101.1598275,3,449,2017-05-21 07:15:18.506385,2017-05-21 07:15:18.557975
862,100.0,293480.0,319000.0,2758.712,31,454,2017-05-22 11:39:06.666248,2017-05-22 11:39:06.672369
939,50.0,229500.0,255000.0,1725.84,13,476,2017-05-29 14:53:33.22164,2017-05-29 14:53:33.238842
10,50.0,319050.0,354500.0,7497.68,9,5,2017-04-29 09:10:11.074523,2017-04-29 09:10:11.192791
11,50.0,319050.0,354500.0,7497.68,10,5,2017-04-29 09:10:11.158199,2017-04-29 09:10:11.194162
940,25.0,114750.0,127500.0,862.92,7,476,2017-05-29 14:53:33.246989,2017-05-29 14:53:33.260192
878,75.0,830325.0,985005.0,7805.055,29,463,2017-05-25 07:00:10.208779,2017-05-25 07:00:10.218875
879,25.0,276775.0,328335.0,2601.685,7,463,2017-05-25 07:00:10.226132,2017-05-25 07:00:10.230652
887,50.0,719412.0,899265.0,10143.7092,28,466,2017-05-26 05:42:30.926274,2017-05-26 05:42:30.933385
888,50.0,719412.0,899265.0,10143.7092,2,466,2017-05-26 05:42:30.939686,2017-05-26 05:42:30.943722
12,12.5,394680.0,411125.0,3709.99,4,6,2017-04-29 09:10:11.274875,2017-04-29 09:10:11.583497
13,12.5,394680.0,411125.0,3709.99,3,6,2017-04-29 09:10:11.355207,2017-04-29 09:10:11.585238
14,37.5,1184040.0,1233375.0,11129.98,11,6,2017-04-29 09:10:11.444972,2017-04-29 09:10:11.586822
15,37.5,1184040.0,1233375.0,11129.98,6,6,2017-04-29 09:10:11.535009,2017-04-29 09:10:11.588297
941,25.0,114750.0,127500.0,862.92,204,476,2017-05-29 14:53:33.275641,2017-05-29 14:53:33.286687
16,100.0,448000.0,448000.0,3360.12,7,7,2017-04-29 09:10:11.668523,2017-04-29 09:10:11.706534
943,75.0,566291.25,666225.0,9049.334175,55,281,2017-05-30 03:35:38.812299,2017-05-30 03:35:38.816397
944,12.5,94381.875,111037.5,1508.2223625,18,281,2017-05-30 03:35:38.820645,2017-05-30 03:35:38.827202
945,12.5,94381.875,111037.5,1508.2223625,1,281,2017-05-30 03:35:38.834026,2017-05-30 03:35:38.838099
17,50.0,215000.0,215000.0,1612.56,12,8,2017-04-29 09:10:11.794726,2017-04-29 09:10:11.928104
18,50.0,215000.0,215000.0,1612.56,13,8,2017-04-29 09:10:11.884107,2017-04-29 09:10:11.929556
19,100.0,733720.0,863200.0,11724.85,14,9,2017-04-29 09:10:12.022315,2017-04-29 09:10:12.064569
961,100.0,609649.0,713040.0,9742.19102,21,477,2017-05-31 02:50:49.319309,2017-05-31 02:50:49.326789
975,75.0,212520.0,231000.0,1997.688,31,486,2017-06-01 07:53:39.925772,2017-06-01 07:53:39.933987
976,25.0,70840.0,77000.0,665.896,33,486,2017-06-01 07:53:39.939551,2017-06-01 07:53:39.943784
979,100.0,1637700.0,1819560.0,15394.38,29,489,2017-06-01 10:04:19.116131,2017-06-01 10:04:19.119266
983,100.0,390280.0,443500.0,3668.632,31,274,2017-06-02 05:50:35.044404,2017-06-02 05:50:35.050249
986,75.0,469920.0,534000.0,6625.872,37,491,2017-06-02 10:29:04.960861,2017-06-02 10:29:04.966474
987,75.0,469920.0,534000.0,6625.872,37,492,2017-06-03 09:18:22.758401,2017-06-03 09:18:22.767232
988,25.0,156640.0,178000.0,2208.624,31,492,2017-06-03 09:18:22.777631,2017-06-03 09:18:22.782867
999,100.0,727760.0,827000.0,10261.416,7,496,2017-06-04 07:12:18.500914,2017-06-04 07:12:18.510547
1009,25.0,149361.3,164887.0,701.99811,37,501,2017-06-04 10:31:39.760802,2017-06-04 10:31:39.767895
1010,75.0,448083.9,494661.0,2105.99433,226,501,2017-06-04 10:31:39.776514,2017-06-04 10:31:39.783314
20,100.0,1360620.0,1511800.0,19184.74,1,10,2017-04-29 09:10:12.152942,2017-04-29 09:10:12.194316
917,75.0,382129.65,424588.5,1796.009355,37,471,2017-05-28 03:39:45.560174,2017-05-28 03:39:45.568535
21,100.0,466800.0,517800.0,3501.12,7,11,2017-04-29 09:10:12.28379,2017-04-29 09:10:12.32639
918,25.0,127376.55,141529.5,598.669785,208,471,2017-05-28 03:39:45.57556,2017-05-28 03:39:45.58086
22,50.0,351942.5,414050.0,5624.04,15,12,2017-04-29 09:10:12.412323,2017-04-29 09:10:12.52555
23,50.0,351942.5,414050.0,5624.04,16,12,2017-04-29 09:10:12.491559,2017-04-29 09:10:12.526914
822,75.0,414093.6,484320.0,6617.215728,8,437,2017-05-16 14:20:45.139129,2017-05-16 14:20:45.143123
823,12.5,69015.6,80720.0,1102.869288,3,437,2017-05-16 14:20:45.147891,2017-05-16 14:20:45.151014
824,12.5,69015.6,80720.0,1102.869288,4,437,2017-05-16 14:20:45.155252,2017-05-16 14:20:45.158257
24,50.0,346885.5,434150.0,5543.23,17,13,2017-04-29 09:10:12.609864,2017-04-29 09:10:12.748804
25,50.0,346885.5,434150.0,5543.23,18,13,2017-04-29 09:10:12.694756,2017-04-29 09:10:12.750897
844,25.0,153692.5,166192.5,1155.7676,7,446,2017-05-20 07:55:21.797933,2017-05-20 07:55:21.870249
845,75.0,461077.5,498577.5,3467.3028,38,446,2017-05-20 07:55:21.932252,2017-05-20 07:55:21.946385
26,100.0,488200.0,542444.0,3661.63,19,14,2017-04-29 09:10:12.838034,2017-04-29 09:10:12.881473
852,75.0,516780.0,587250.0,7286.598,31,450,2017-05-21 09:39:29.533806,2017-05-21 09:39:29.538228
853,25.0,172260.0,195750.0,2428.866,7,450,2017-05-21 09:39:29.542944,2017-05-21 09:39:29.546139
863,50.0,413879.85,484070.0,6613.800003,2,455,2017-05-22 13:16:47.726856,2017-05-22 13:16:47.73193
864,50.0,413879.85,484070.0,6613.800003,28,455,2017-05-22 13:16:47.737613,2017-05-22 13:16:47.741966
867,50.0,141680.0,154000.0,1331.792,210,457,2017-05-23 11:57:51.883145,2017-05-23 11:57:51.893627
868,50.0,141680.0,154000.0,1331.792,31,457,2017-05-23 11:57:51.905399,2017-05-23 11:57:51.911774
27,50.0,451800.0,502000.0,10617.3,8,15,2017-04-29 09:10:12.963271,2017-04-29 09:10:13.262021
28,25.0,225900.0,251000.0,5308.65,20,15,2017-04-29 09:10:13.046762,2017-04-29 09:10:13.263979
29,12.5,112950.0,125500.0,2654.33,4,15,2017-04-29 09:10:13.13228,2017-04-29 09:10:13.266017
30,12.5,112950.0,125500.0,2654.33,3,15,2017-04-29 09:10:13.213283,2017-04-29 09:10:13.267997
880,75.0,830325.0,985005.0,7805.055,29,464,2017-05-25 07:03:53.591071,2017-05-25 07:03:53.597772
881,25.0,276775.0,328335.0,2601.685,7,464,2017-05-25 07:03:53.607814,2017-05-25 07:03:53.613428
891,75.0,336000.0,345000.0,2526.72,29,468,2017-05-27 09:49:43.159667,2017-05-27 09:49:43.167922
31,50.0,367667.5,432550.0,5875.33,3,16,2017-04-29 09:10:13.35461,2017-04-29 09:10:13.48812
32,50.0,367667.5,432550.0,5875.33,4,16,2017-04-29 09:10:13.440182,2017-04-29 09:10:13.490199
892,25.0,112000.0,115000.0,842.24,7,468,2017-05-27 09:49:43.178319,2017-05-27 09:49:43.184947
33,75.0,613762.5,705474.75,9807.92,21,17,2017-04-29 09:10:13.578592,2017-04-29 09:10:13.80683
34,12.5,102293.75,117579.13,1634.65,4,17,2017-04-29 09:10:13.664607,2017-04-29 09:10:13.809359
35,12.5,102293.75,117579.13,1634.65,3,17,2017-04-29 09:10:13.749669,2017-04-29 09:10:13.811521
36,100.0,514518.48,612522.0,8222.01,22,18,2017-04-29 09:10:13.904592,2017-04-29 09:10:13.951596
950,75.0,436365.9,501570.0,6973.127082,191,480,2017-05-30 11:24:58.68541,2017-05-30 11:24:58.689839
951,25.0,145455.3,167190.0,2324.375694,36,480,2017-05-30 11:24:58.694437,2017-05-30 11:24:58.698472
37,50.0,233750.0,258055.5,1753.19,23,19,2017-04-29 09:10:14.042668,2017-04-29 09:10:14.176636
38,50.0,233750.0,258055.5,1753.19,24,19,2017-04-29 09:10:14.131993,2017-04-29 09:10:14.178663
964,50.0,234500.0,260000.0,1763.44,7,483,2017-05-31 08:32:44.893524,2017-05-31 08:32:44.898187
965,50.0,234500.0,260000.0,1763.44,220,483,2017-05-31 08:32:44.909819,2017-05-31 08:32:44.913898
977,100.0,1637700.0,1819560.0,15394.38,29,487,2017-06-01 10:01:54.645543,2017-06-01 10:01:54.650761
984,25.0,98010.0,111375.0,921.294,31,173,2017-06-02 05:52:17.25972,2017-06-02 05:52:17.26385
985,75.0,294030.0,334125.0,2763.882,69,173,2017-06-02 05:52:17.268009,2017-06-02 05:52:17.270954
989,50.0,239600.0,265100.0,1801.792,75,493,2017-06-03 09:22:34.549243,2017-06-03 09:22:34.561577
990,25.0,119800.0,132550.0,900.896,32,493,2017-06-03 09:22:34.575857,2017-06-03 09:22:34.584499
991,12.5,59900.0,66275.0,450.448,31,493,2017-06-03 09:22:34.595221,2017-06-03 09:22:34.602816
992,12.5,59900.0,66275.0,450.448,41,493,2017-06-03 09:22:34.610859,2017-06-03 09:22:34.616794
1000,75.0,365049.0,425100.0,3431.4606,79,497,2017-06-04 07:15:37.48822,2017-06-04 07:15:37.494969
1001,12.5,60841.5,70850.0,571.9101,225,497,2017-06-04 07:15:37.512414,2017-06-04 07:15:37.517308
1002,12.5,60841.5,70850.0,571.9101,7,497,2017-06-04 07:15:37.524004,2017-06-04 07:15:37.528843
1005,25.0,113686.0,133200.0,1068.6484,37,499,2017-06-04 08:52:32.449716,2017-06-04 08:52:32.455887
1006,75.0,341058.0,399600.0,3205.9452,226,499,2017-06-04 08:52:32.46904,2017-06-04 08:52:32.474451
1013,100.0,501451.2,557168.0,2356.82064,205,503,2017-06-04 10:37:30.188535,2017-06-04 10:37:30.194314
39,50.0,239600.0,239600.0,1797.06,25,20,2017-04-29 09:10:14.270784,2017-04-29 09:10:14.506217
40,50.0,239600.0,239600.0,1797.06,26,20,2017-04-29 09:10:14.389208,2017-04-29 09:10:14.511714
636,37.5,280563.75,330075.0,4483.408725,17,120,2017-04-29 10:21:58.180363,2017-04-29 10:21:58.185345
41,100.0,915178.4,1143973.0,12904.02,27,21,2017-04-29 09:10:14.618278,2017-04-29 09:10:14.6617
637,37.5,280563.75,330075.0,4483.408725,55,120,2017-04-29 10:21:58.190286,2017-04-29 10:21:58.193711
638,12.5,93521.25,110025.0,1494.469575,1,120,2017-04-29 10:21:58.198683,2017-04-29 10:21:58.202193
42,100.0,1493794.4,1867243.0,21062.5,27,22,2017-04-29 09:10:14.750529,2017-04-29 09:10:14.798469
639,12.5,93521.25,110025.0,1494.469575,18,120,2017-04-29 10:21:58.206872,2017-04-29 10:21:58.211476
1004,25.0,141664.95,165690.0,2263.805901,145,498,2017-06-04 07:33:17.935625,2017-06-04 07:33:17.941359
43,50.0,456427.2,570534.0,6435.62,28,23,2017-04-29 09:10:14.89287,2017-04-29 09:10:15.017522
44,50.0,456427.2,570534.0,6435.62,2,23,2017-04-29 09:10:14.973417,2017-04-29 09:10:15.020067
799,75.0,344250.0,382500.0,2588.76,23,435,2017-05-14 12:16:19.418841,2017-05-14 12:16:19.426249
825,100.0,459000.0,510000.0,3451.68,7,438,2017-05-17 06:42:09.516158,2017-05-17 06:42:09.524478
846,50.0,200000.0,210000.0,1504.0,203,448,2017-05-20 08:37:32.800817,2017-05-20 08:37:32.814863
47,75.0,344250.0,382500.0,2581.96,29,25,2017-04-29 09:10:15.355705,2017-04-29 09:10:15.494374
48,25.0,114750.0,127500.0,860.65,7,25,2017-04-29 09:10:15.451847,2017-04-29 09:10:15.49614
847,50.0,200000.0,210000.0,1504.0,29,448,2017-05-20 08:37:32.845112,2017-05-20 08:37:32.866741
657,50.0,229500.0,255000.0,1721.31,13,376,2017-05-05 16:45:39.316511,2017-05-05 16:45:39.722273
49,100.0,459000.0,510000.0,3442.62,29,26,2017-04-29 09:10:15.575993,2017-04-29 09:10:15.608037
658,50.0,229500.0,255000.0,1721.31,24,376,2017-05-05 16:45:39.417007,2017-05-05 16:45:39.729815
50,100.0,1639100.8,2048876.0,23111.32,27,27,2017-04-29 09:10:15.69319,2017-04-29 09:10:15.730096
854,50.0,234500.0,260000.0,1763.44,32,451,2017-05-21 12:38:52.936989,2017-05-21 12:38:52.941297
659,100.0,721656.0,903200.0,11532.06,76,377,2017-05-05 16:45:40.087796,2017-05-05 16:45:40.35007
51,100.0,1135943.2,1419929.0,16016.8,27,28,2017-04-29 09:10:15.827934,2017-04-29 09:10:15.873355
855,25.0,117250.0,130000.0,881.72,204,451,2017-05-21 12:38:52.954559,2017-05-21 12:38:52.95949
856,25.0,117250.0,130000.0,881.72,7,451,2017-05-21 12:38:52.964307,2017-05-21 12:38:52.971733
660,100.0,709591.0,888100.0,11339.26,81,378,2017-05-05 16:45:40.650942,2017-05-05 16:45:40.94183
52,75.0,369450.0,409657.5,2770.97,29,29,2017-04-29 09:10:15.954568,2017-04-29 09:10:16.07557
53,25.0,123150.0,136552.5,923.66,7,29,2017-04-29 09:10:16.034044,2017-04-29 09:10:16.077562
919,50.0,835891.6,1044864.5,11786.07156,28,294,2017-05-28 06:11:54.714358,2017-05-28 06:11:54.718786
54,100.0,888300.0,987000.0,20875.05,30,30,2017-04-29 09:10:16.165617,2017-04-29 09:10:16.19928
869,50.0,141680.0,154000.0,1331.792,210,458,2017-05-23 11:57:54.077119,2017-05-23 11:57:54.085839
870,50.0,141680.0,154000.0,1331.792,31,458,2017-05-23 11:57:54.09661,2017-05-23 11:57:54.104345
55,50.0,357280.0,406000.0,5037.65,13,31,2017-04-29 09:10:16.29289,2017-04-29 09:10:16.424268
56,50.0,357280.0,406000.0,5037.65,7,31,2017-04-29 09:10:16.375496,2017-04-29 09:10:16.425861
920,50.0,835891.6,1044864.5,11786.07156,2,294,2017-05-28 06:11:54.723233,2017-05-28 06:11:54.726444
661,75.0,449541.75,525780.0,7183.68,8,379,2017-05-05 16:45:41.41773,2017-05-05 16:45:41.935263
662,12.5,74923.63,87630.0,1197.28,3,379,2017-05-05 16:45:41.552362,2017-05-05 16:45:41.956915
663,12.5,74923.63,87630.0,1197.28,4,379,2017-05-05 16:45:41.735073,2017-05-05 16:45:41.962246
58,100.0,493680.0,561000.0,6960.89,13,33,2017-04-29 09:10:16.644507,2017-04-29 09:10:16.674252
882,12.5,73748.025,86255.0,1178.4934395,1,226,2017-05-25 09:34:44.023027,2017-05-25 09:34:44.028888
883,37.5,221244.075,258765.0,3535.4803185,18,226,2017-05-25 09:34:44.03545,2017-05-25 09:34:44.039487
59,100.0,688160.0,782000.0,9703.06,32,34,2017-04-29 09:10:16.756002,2017-04-29 09:10:16.787773
664,100.0,581821.2,668760.0,9297.5,55,380,2017-05-05 16:45:42.303352,2017-05-05 16:45:42.611895
884,50.0,294992.1,345020.0,4713.973758,87,226,2017-05-25 09:34:44.045057,2017-05-25 09:34:44.049972
954,50.0,277537.0,332380.0,4435.04126,17,479,2017-05-30 11:29:33.690599,2017-05-30 11:29:33.69695
665,50.0,234500.0,260000.0,1758.81,29,381,2017-05-05 16:45:43.633427,2017-05-05 16:45:44.816521
666,50.0,234500.0,260000.0,1758.81,37,381,2017-05-05 16:45:44.328361,2017-05-05 16:45:44.826433
955,50.0,277537.0,332380.0,4435.04126,55,479,2017-05-30 11:29:33.701829,2017-05-30 11:29:33.71007
966,100.0,856578.0,990140.0,13688.11644,21,167,2017-05-31 08:42:11.804546,2017-05-31 08:42:11.808994
667,50.0,200000.0,210000.0,1500.05,26,382,2017-05-05 16:45:45.151994,2017-05-05 16:45:45.514504
668,50.0,200000.0,210000.0,1500.05,24,382,2017-05-05 16:45:45.318373,2017-05-05 16:45:45.522061
969,37.5,299465.625,352312.5,4785.4606875,8,433,2017-05-31 10:03:38.783503,2017-05-31 10:03:38.787651
970,25.0,199643.75,234875.0,3190.307125,54,433,2017-05-31 10:03:38.791906,2017-05-31 10:03:38.795729
971,18.75,149732.8125,176156.25,2392.73034375,28,433,2017-05-31 10:03:38.800616,2017-05-31 10:03:38.806257
972,18.75,149732.8125,176156.25,2392.73034375,2,433,2017-05-31 10:03:38.811055,2017-05-31 10:03:38.815333
669,75.0,413452.5,483570.0,6606.97,80,383,2017-05-05 16:45:45.819493,2017-05-05 16:45:46.144711
978,100.0,2010500.0,2185360.0,11339.22,29,488,2017-06-01 10:03:14.503671,2017-06-01 10:03:14.507458
993,43.75,253024.275,290832.5,4043.3279145,1,494,2017-06-03 10:22:25.902731,2017-06-03 10:22:25.916917
994,43.75,253024.275,290832.5,4043.3279145,48,494,2017-06-03 10:22:25.935535,2017-06-03 10:22:25.951994
995,12.5,72292.65,83095.0,1155.236547,18,494,2017-06-03 10:22:25.96874,2017-06-03 10:22:25.980317
1003,75.0,424994.85,497070.0,6791.417703,22,498,2017-06-04 07:33:17.920108,2017-06-04 07:33:17.927114
60,50.0,357720.0,406500.0,5043.85,7,35,2017-04-29 09:10:16.86805,2017-04-29 09:10:16.980449
61,50.0,357720.0,406500.0,5043.85,31,35,2017-04-29 09:10:16.945878,2017-04-29 09:10:16.981999
921,12.5,74606.85,85755.0,1192.217463,4,275,2017-05-28 06:13:14.059717,2017-05-28 06:13:14.064118
922,12.5,74606.85,85755.0,1192.217463,3,275,2017-05-28 06:13:14.069031,2017-05-28 06:13:14.072269
650,43.8,319247.25,375585.0,5101.571055,2,300,2017-05-02 12:21:09.973708,2017-05-02 12:21:09.977516
62,50.0,343640.0,390500.0,4845.32,31,36,2017-04-29 09:10:17.066181,2017-04-29 09:10:17.187751
63,50.0,343640.0,390500.0,4845.32,7,36,2017-04-29 09:10:17.148405,2017-04-29 09:10:17.189568
651,43.8,319247.25,375585.0,5101.571055,28,300,2017-05-02 12:21:09.981873,2017-05-02 12:21:09.984984
652,12.5,91109.375,107187.5,1455.9278125,8,300,2017-05-02 12:21:09.989161,2017-05-02 12:21:09.992352
64,50.0,356400.0,405000.0,5025.24,7,37,2017-04-29 09:10:17.276013,2017-04-29 09:10:17.401164
65,50.0,356400.0,405000.0,5025.24,31,37,2017-04-29 09:10:17.360941,2017-04-29 09:10:17.40319
670,25.0,137817.5,161190.0,2202.32,182,383,2017-05-05 16:45:45.984652,2017-05-05 16:45:46.151928
66,50.0,358160.0,407000.0,5050.06,7,38,2017-04-29 09:10:17.48947,2017-04-29 09:10:17.611576
67,50.0,358160.0,407000.0,5050.06,31,38,2017-04-29 09:10:17.577036,2017-04-29 09:10:17.613511
826,50.0,141680.0,154000.0,1331.792,31,439,2017-05-17 10:12:07.595801,2017-05-17 10:12:07.617082
671,75.0,346425.0,384675.0,2598.28,79,384,2017-05-05 16:45:46.367955,2017-05-05 16:45:46.917638
672,12.5,57737.5,64112.5,433.05,31,384,2017-05-05 16:45:46.511303,2017-05-05 16:45:46.921163
673,12.5,57737.5,64112.5,433.05,41,384,2017-05-05 16:45:46.722349,2017-05-05 16:45:46.923416
70,50.0,232350.0,257850.0,1742.69,33,40,2017-04-29 09:10:17.91285,2017-04-29 09:10:18.060017
71,50.0,232350.0,257850.0,1742.69,26,40,2017-04-29 09:10:18.011737,2017-04-29 09:10:18.06153
827,50.0,141680.0,154000.0,1331.792,199,439,2017-05-17 10:12:07.680905,2017-05-17 10:12:07.707033
72,100.0,657360.0,747000.0,9268.78,32,41,2017-04-29 09:10:18.153329,2017-04-29 09:10:18.191365
923,12.5,74606.85,85755.0,1192.217463,2,275,2017-05-28 06:13:14.076364,2017-05-28 06:13:14.079534
73,100.0,665280.0,756000.0,9380.45,32,42,2017-04-29 09:10:18.272353,2017-04-29 09:10:18.3069
924,50.0,298427.4,343020.0,4768.869852,20,275,2017-05-28 06:13:14.083567,2017-05-28 06:13:14.086793
674,50.0,234500.0,260000.0,1758.81,13,385,2017-05-05 16:45:47.360217,2017-05-05 16:45:47.911423
74,100.0,673200.0,765000.0,9492.12,32,43,2017-04-29 09:10:18.388214,2017-04-29 09:10:18.438163
675,50.0,234500.0,260000.0,1758.81,79,385,2017-05-05 16:45:47.607241,2017-05-05 16:45:47.914416
925,12.5,74606.85,85755.0,1192.217463,28,275,2017-05-28 06:13:14.09256,2017-05-28 06:13:14.09599
75,100.0,653840.0,743000.0,9219.14,34,44,2017-04-29 09:10:18.528646,2017-04-29 09:10:18.567469
874,100.0,459000.0,510000.0,3451.68,33,461,2017-05-23 16:05:58.754108,2017-05-23 16:05:58.768172
76,50.0,328680.0,373500.0,4634.39,35,45,2017-04-29 09:10:18.654003,2017-04-29 09:10:18.778301
77,50.0,328680.0,373500.0,4634.39,13,45,2017-04-29 09:10:18.735801,2017-04-29 09:10:18.779758
676,50.0,200000.0,210000.0,1500.05,37,386,2017-05-05 16:45:48.110492,2017-05-05 16:45:48.618617
677,50.0,200000.0,210000.0,1500.05,50,386,2017-05-05 16:45:48.298621,2017-05-05 16:45:48.626031
78,100.0,717200.0,815000.0,10112.52,7,46,2017-04-29 09:10:18.867341,2017-04-29 09:10:18.899168
885,75.0,516780.0,587250.0,7286.598,31,465,2017-05-25 14:40:44.162958,2017-05-25 14:40:44.174659
886,25.0,172260.0,195750.0,2428.866,32,465,2017-05-25 14:40:44.182701,2017-05-25 14:40:44.18819
903,75.0,351750.0,390000.0,2645.16,32,469,2017-05-27 09:55:25.690767,2017-05-27 09:55:25.702779
678,50.0,373150.0,439000.0,14030.44,8,387,2017-05-05 16:45:48.770395,2017-05-05 16:45:49.278644
679,50.0,373150.0,439000.0,14030.44,183,387,2017-05-05 16:45:48.931635,2017-05-05 16:45:49.301967
79,50.0,327800.0,372500.0,4621.98,31,47,2017-04-29 09:10:18.983821,2017-04-29 09:10:19.178233
80,25.0,163900.0,186250.0,2310.99,7,47,2017-04-29 09:10:19.064722,2017-04-29 09:10:19.179589
81,25.0,163900.0,186250.0,2310.99,36,47,2017-04-29 09:10:19.143891,2017-04-29 09:10:19.181223
904,25.0,117250.0,130000.0,881.72,7,469,2017-05-27 09:55:25.717246,2017-05-27 09:55:25.726931
680,100.0,450132.0,527800.0,4231.24,37,388,2017-05-05 16:45:49.567842,2017-05-05 16:45:49.706681
967,100.0,1337050.0,2057000.0,31420.675,36,324,2017-05-31 08:50:54.209523,2017-05-31 08:50:54.214747
980,75.0,435060.9,500070.0,6952.273182,27,490,2017-06-01 14:00:42.589418,2017-06-01 14:00:42.598264
981,12.5,72510.15,83345.0,1158.712197,4,490,2017-06-01 14:00:42.607163,2017-06-01 14:00:42.614498
982,12.5,72510.15,83345.0,1158.712197,3,490,2017-06-01 14:00:42.621439,2017-06-01 14:00:42.625876
996,25.0,182218.75,214375.0,2911.855625,86,495,2017-06-03 15:56:56.101221,2017-06-03 15:56:56.111182
997,37.5,273328.125,321562.5,4367.7834375,28,495,2017-06-03 15:56:56.122483,2017-06-03 15:56:56.12974
998,37.5,273328.125,321562.5,4367.7834375,2,495,2017-06-03 15:56:56.139551,2017-06-03 15:56:56.146816
1007,25.0,149361.3,165957.0,701.99811,37,500,2017-06-04 10:29:09.05956,2017-06-04 10:29:09.067414
1008,75.0,448083.9,497871.0,2105.99433,226,500,2017-06-04 10:29:09.076408,2017-06-04 10:29:09.082425
1022,100.0,728195.0,856700.0,11636.5561,67,508,2017-06-04 16:18:53.311208,2017-06-04 16:18:53.317546
926,12.5,95571.875,112437.5,1527.2385625,2,225,2017-05-28 06:14:16.509987,2017-05-28 06:14:16.514176
642,100.0,1270458.0,1512450.0,20301.91884,18,80,2017-04-30 07:21:13.308761,2017-04-30 07:21:13.313891
927,12.5,95571.875,112437.5,1527.2385625,28,225,2017-05-28 06:14:16.51896,2017-05-28 06:14:16.522256
928,75.0,573431.25,674625.0,9163.431375,86,225,2017-05-28 06:14:16.526454,2017-05-28 06:14:16.529876
84,100.0,671440.0,763000.0,9467.3,37,49,2017-04-29 09:10:19.494087,2017-04-29 09:10:19.523395
85,100.0,626560.0,712000.0,8834.5,37,50,2017-04-29 09:10:19.605535,2017-04-29 09:10:19.64156
685,100.0,731255.0,860300.0,11685.45,76,390,2017-05-05 16:45:51.153127,2017-05-05 16:45:51.232783
819,100.0,459000.0,510000.0,3451.68,29,436,2017-05-15 06:42:21.965916,2017-05-15 06:42:21.973291
86,100.0,529588.14,608722.0,8462.82,22,51,2017-04-29 09:10:19.723941,2017-04-29 09:10:19.757676
828,100.0,273240.0,297000.0,2568.456,31,440,2017-05-17 10:16:30.587926,2017-05-17 10:16:30.594122
686,100.0,283360.0,308000.0,2663.58,31,391,2017-05-05 16:45:51.350495,2017-05-05 16:45:51.520447
860,75.0,415744.5,461938.5,1953.99915,205,452,2017-05-21 15:01:12.190616,2017-05-21 15:01:12.2016
87,50.0,246100.0,272875.0,1845.81,38,52,2017-04-29 09:10:19.83883,2017-04-29 09:10:19.950724
88,50.0,246100.0,272875.0,1845.81,7,52,2017-04-29 09:10:19.91661,2017-04-29 09:10:19.952227
861,25.0,138581.5,153979.5,651.33305,37,452,2017-05-21 15:01:12.217338,2017-05-21 15:01:12.239811
875,75.0,204930.0,222750.0,1926.342,31,401,2017-05-24 02:10:21.077921,2017-05-24 02:10:21.087687
876,25.0,68310.0,74250.0,642.114,33,401,2017-05-24 02:10:21.099061,2017-05-24 02:10:21.106744
89,75.0,572400.0,573750.0,8070.84,7,53,2017-04-29 09:10:20.031533,2017-04-29 09:10:20.14589
90,25.0,190800.0,191250.0,2690.28,39,53,2017-04-29 09:10:20.11093,2017-04-29 09:10:20.147294
962,50.0,673075.0,1035500.0,15817.2625,21,481,2017-05-31 03:15:28.533535,2017-05-31 03:15:28.543794
963,50.0,673075.0,1035500.0,15817.2625,36,481,2017-05-31 03:15:28.548372,2017-05-31 03:15:28.555438
968,100.0,1337050.0,2057000.0,31420.675,36,325,2017-05-31 08:53:16.893097,2017-05-31 08:53:16.897693
91,50.0,353320.0,401500.0,4981.81,31,54,2017-04-29 09:10:20.226413,2017-04-29 09:10:20.349734
92,50.0,353320.0,401500.0,4981.81,7,54,2017-04-29 09:10:20.306347,2017-04-29 09:10:20.351246
1011,25.0,148949.55,165499.5,700.062885,37,502,2017-06-04 10:32:56.437595,2017-06-04 10:32:56.444981
1012,75.0,446848.65,496498.5,2100.188655,226,502,2017-06-04 10:32:56.454201,2017-06-04 10:32:56.459759
93,75.0,513480.0,583500.0,7240.07,7,55,2017-04-29 09:10:20.434911,2017-04-29 09:10:20.552446
94,25.0,171160.0,194500.0,2413.36,40,55,2017-04-29 09:10:20.516076,2017-04-29 09:10:20.554875
95,100.0,693440.0,788000.0,9777.5,33,56,2017-04-29 09:10:20.645566,2017-04-29 09:10:20.692128
96,50.0,342760.0,389500.0,4832.92,25,57,2017-04-29 09:10:20.778783,2017-04-29 09:10:20.905328
97,50.0,342760.0,389500.0,4832.92,26,57,2017-04-29 09:10:20.862883,2017-04-29 09:10:20.907192
100,100.0,689040.0,783000.0,9715.46,37,59,2017-04-29 09:10:21.218916,2017-04-29 09:10:21.264342
101,90.0,609840.0,693000.0,8598.74,33,60,2017-04-29 09:10:21.350808,2017-04-29 09:10:21.476943
102,10.0,67760.0,77000.0,955.42,7,60,2017-04-29 09:10:21.435006,2017-04-29 09:10:21.478663
810,50.0,402262.5,473250.0,6428.15475,2,150,2017-05-15 06:13:11.552055,2017-05-15 06:13:11.560748
103,90.0,595584.0,676800.0,8397.73,39,61,2017-04-29 09:10:21.561163,2017-04-29 09:10:21.682188
104,10.0,66176.0,75200.0,933.08,7,61,2017-04-29 09:10:21.63895,2017-04-29 09:10:21.683968
811,50.0,402262.5,473250.0,6428.15475,28,150,2017-05-15 06:13:11.566217,2017-05-15 06:13:11.571388
105,100.0,677600.0,770000.0,9554.16,39,62,2017-04-29 09:10:21.766041,2017-04-29 09:10:21.808395
696,75.0,344250.0,382500.0,2588.76,24,399,2017-05-07 07:11:49.268269,2017-05-07 07:11:49.308972
697,25.0,114750.0,127500.0,862.92,26,399,2017-05-07 07:11:49.327767,2017-05-07 07:11:49.351917
106,100.0,722480.0,821000.0,10186.97,39,63,2017-04-29 09:10:21.893025,2017-04-29 09:10:21.923698
829,100.0,600844.0,701800.0,5647.9336,37,441,2017-05-17 11:08:54.048329,2017-05-17 11:08:54.053439
107,100.0,689040.0,783000.0,9715.46,7,64,2017-04-29 09:10:22.006092,2017-04-29 09:10:22.046521
830,50.0,234850.0,260350.0,1766.072,13,442,2017-05-17 12:19:08.43041,2017-05-17 12:19:08.434459
831,50.0,234850.0,260350.0,1766.072,187,442,2017-05-17 12:19:08.43923,2017-05-17 12:19:08.443947
730,50.0,136620.0,148500.0,1284.228,7,412,2017-05-09 10:35:03.415293,2017-05-09 10:35:03.42888
731,25.0,68310.0,74250.0,642.114,31,412,2017-05-09 10:35:03.437456,2017-05-09 10:35:03.441486
732,25.0,68310.0,74250.0,642.114,33,412,2017-05-09 10:35:03.446521,2017-05-09 10:35:03.450292
108,70.0,455840.0,518000.0,6427.34,42,65,2017-04-29 09:10:22.134028,2017-04-29 09:10:22.358712
109,20.0,130240.0,148000.0,1836.38,43,65,2017-04-29 09:10:22.216374,2017-04-29 09:10:22.360094
110,10.0,65120.0,74000.0,918.19,7,65,2017-04-29 09:10:22.310885,2017-04-29 09:10:22.361433
877,100.0,576601.0,662760.0,9214.08398,15,462,2017-05-24 10:05:54.958778,2017-05-24 10:05:54.977529
111,90.0,586080.0,666000.0,8263.73,35,66,2017-04-29 09:10:22.46189,2017-04-29 09:10:22.512825
736,100.0,462350.0,516500.0,3476.872,37,414,2017-05-10 04:52:47.040833,2017-05-10 04:52:47.052772
768,50.0,413879.85,532000.0,6613.800003,87,424,2017-05-12 10:28:21.455783,2017-05-12 10:28:21.467035
112,100.0,679360.0,772000.0,9578.98,34,67,2017-04-29 09:10:22.597896,2017-04-29 09:10:22.643976
769,25.0,206939.925,266000.0,3306.9000015,55,424,2017-05-12 10:28:21.472301,2017-05-12 10:28:21.475429
113,100.0,648560.0,737000.0,9144.7,37,68,2017-04-29 09:10:22.732557,2017-04-29 09:10:22.78849
770,12.5,103469.9625,133000.0,1653.45000075,1,424,2017-05-12 10:28:21.479284,2017-05-12 10:28:21.482519
771,12.5,103469.9625,133000.0,1653.45000075,18,424,2017-05-12 10:28:21.486476,2017-05-12 10:28:21.48936
114,100.0,657360.0,747000.0,9268.78,37,69,2017-04-29 09:10:22.878376,2017-04-29 09:10:22.919865
776,50.0,419009.85,538000.0,6695.777403,87,425,2017-05-12 10:34:08.267816,2017-05-12 10:34:08.271445
777,25.0,209504.925,269000.0,3347.8887015,55,425,2017-05-12 10:34:08.2761,2017-05-12 10:34:08.279381
778,12.5,104752.4625,134500.0,1673.94435075,1,425,2017-05-12 10:34:08.283268,2017-05-12 10:34:08.29017
115,90.0,611424.0,694800.0,8621.08,44,70,2017-04-29 09:10:23.008627,2017-04-29 09:10:23.137938
116,10.0,67936.0,77200.0,957.9,7,70,2017-04-29 09:10:23.091947,2017-04-29 09:10:23.13966
779,12.5,104752.4625,134500.0,1673.94435075,18,425,2017-05-12 10:34:08.294423,2017-05-12 10:34:08.297715
117,100.0,490320.0,544800.0,4609.01,37,71,2017-04-29 09:10:23.225329,2017-04-29 09:10:23.269431
780,50.0,395240.0,482000.0,6315.9352,76,426,2017-05-13 07:13:57.109654,2017-05-13 07:13:57.115598
781,50.0,395240.0,482000.0,6315.9352,57,426,2017-05-13 07:13:57.120184,2017-05-13 07:13:57.123522
118,100.0,487620.0,541800.0,4583.63,37,72,2017-04-29 09:10:23.357951,2017-04-29 09:10:23.390128
119,75.0,664200.0,738000.0,15608.7,18,73,2017-04-29 09:10:23.473958,2017-04-29 09:10:23.591471
120,25.0,221400.0,246000.0,5202.9,1,73,2017-04-29 09:10:23.558599,2017-04-29 09:10:23.592909
929,50.0,909588.0,1136985.0,12825.1908,28,208,2017-05-28 06:15:08.423445,2017-05-28 06:15:08.428095
930,50.0,909588.0,1136985.0,12825.1908,2,208,2017-05-28 06:15:08.433594,2017-05-28 06:15:08.437607
959,100.0,597679.0,699040.0,9550.91042,21,478,2017-05-30 12:00:58.51553,2017-05-30 12:00:58.520061
973,100.0,293480.0,319000.0,2758.712,31,484,2017-05-31 15:46:02.123507,2017-05-31 15:46:02.132377
1014,12.5,122400.0,136000.0,2876.4,4,504,2017-06-04 10:58:23.484382,2017-06-04 10:58:23.492274
1015,37.5,367200.0,408000.0,8629.2,3,504,2017-06-04 10:58:23.501426,2017-06-04 10:58:23.507891
1016,50.0,489600.0,544000.0,11505.6,30,504,2017-06-04 10:58:23.516307,2017-06-04 10:58:23.522019
644,50.0,335720.0,381500.0,4733.652,7,369,2017-04-30 11:58:17.003526,2017-04-30 11:58:17.018939
121,65.0,463450.0,526500.0,6534.65,45,74,2017-04-29 09:10:23.676515,2017-04-29 09:10:23.902763
122,25.0,178250.0,202500.0,2513.33,46,74,2017-04-29 09:10:23.766642,2017-04-29 09:10:23.904595
123,10.0,71300.0,81000.0,1005.33,7,74,2017-04-29 09:10:23.862813,2017-04-29 09:10:23.905995
645,50.0,335720.0,381500.0,4733.652,25,369,2017-04-30 11:58:17.033027,2017-04-30 11:58:17.047075
688,25.0,107500.0,115000.0,808.4,39,394,2017-05-06 05:22:42.898849,2017-05-06 05:22:42.909138
689,75.0,322500.0,345000.0,2425.2,38,394,2017-05-06 05:22:42.930599,2017-05-06 05:22:42.941263
691,50.0,239600.0,265100.0,1801.792,13,396,2017-05-06 14:50:50.741724,2017-05-06 14:50:50.748817
692,50.0,239600.0,265100.0,1801.792,24,396,2017-05-06 14:50:50.7575,2017-05-06 14:50:50.764176
124,65.0,466180.0,529750.0,6573.14,45,75,2017-04-29 09:10:23.990564,2017-04-29 09:10:24.20559
125,65.0,466180.0,529750.0,6573.14,46,75,2017-04-29 09:10:24.072028,2017-04-29 09:10:24.209591
126,10.0,71720.0,81500.0,1011.25,7,75,2017-04-29 09:10:24.167662,2017-04-29 09:10:24.211499
695,100.0,563239.0,658760.0,9000.55922,101,398,2017-05-06 17:02:42.697491,2017-05-06 17:02:42.702532
931,100.0,743155.0,874300.0,11875.6169,57,472,2017-05-28 09:14:44.463299,2017-05-28 09:14:44.467572
127,50.0,353320.0,401500.0,4981.81,47,76,2017-04-29 09:10:24.299256,2017-04-29 09:10:24.417032
128,50.0,353320.0,401500.0,4981.81,29,76,2017-04-29 09:10:24.382636,2017-04-29 09:10:24.418393
808,50.0,342529.6,411200.0,5473.623008,28,112,2017-05-15 06:12:49.282912,2017-05-15 06:12:49.288219
809,50.0,342529.6,411200.0,5473.623008,2,112,2017-05-15 06:12:49.496788,2017-05-15 06:12:49.500523
832,100.0,635000.0,676300.0,4775.2,13,443,2017-05-17 12:25:18.580871,2017-05-17 12:25:18.590244
960,100.0,469000.0,520000.0,3526.88,97,482,2017-05-30 13:10:09.918433,2017-05-30 13:10:09.928524
129,50.0,353320.0,401500.0,4981.81,47,77,2017-04-29 09:10:24.498774,2017-04-29 09:10:24.613128
130,50.0,353320.0,401500.0,4981.81,29,77,2017-04-29 09:10:24.576546,2017-04-29 09:10:24.614569
733,25.0,115000.0,115000.0,864.8,7,413,2017-05-09 10:38:44.288552,2017-05-09 10:38:44.305773
131,100.0,656480.0,746000.0,9256.37,41,78,2017-04-29 09:10:24.712864,2017-04-29 09:10:24.744117
734,75.0,345000.0,345000.0,2594.4,192,413,2017-05-09 10:38:44.356772,2017-05-09 10:38:44.372319
132,100.0,460000.0,460000.0,3450.12,39,79,2017-04-29 09:10:24.826174,2017-04-29 09:10:24.873128
974,100.0,293480.0,319000.0,2758.712,31,485,2017-05-31 15:46:04.791474,2017-05-31 15:46:04.797668
737,100.0,495544.0,579800.0,4658.1136,37,415,2017-05-10 08:07:06.194807,2017-05-10 08:07:06.210257
134,25.0,168058.0,199750.0,2369.62,7,81,2017-04-29 09:10:25.118036,2017-04-29 09:10:25.263716
135,25.0,168058.0,199750.0,2369.62,31,81,2017-04-29 09:10:25.207459,2017-04-29 09:10:25.265442
782,100.0,726684.0,886200.0,11612.41032,76,427,2017-05-13 07:17:43.096918,2017-05-13 07:17:43.100599
136,50.0,298836.0,356000.0,4213.59,7,82,2017-04-29 09:10:25.35876,2017-04-29 09:10:25.486929
137,50.0,298836.0,356000.0,4213.59,31,82,2017-04-29 09:10:25.438228,2017-04-29 09:10:25.488938
138,100.0,659120.0,749000.0,9293.59,37,83,2017-04-29 09:10:25.58061,2017-04-29 09:10:25.630174
139,100.0,651200.0,740000.0,9181.92,37,84,2017-04-29 09:10:25.71139,2017-04-29 09:10:25.752685
140,100.0,482220.0,535800.0,4532.87,37,85,2017-04-29 09:10:25.845252,2017-04-29 09:10:25.88603
141,100.0,460000.0,460000.0,3450.12,29,86,2017-04-29 09:10:25.975172,2017-04-29 09:10:26.006708
932,50.0,290910.6,334380.0,4648.751388,4,473,2017-05-28 10:24:13.150227,2017-05-28 10:24:13.155918
812,37.5,207367.425,242535.0,3313.7314515,6,309,2017-05-15 06:31:31.72753,2017-05-15 06:31:31.732232
693,75.0,422429.25,494070.0,6750.419415,101,397,2017-05-06 16:58:08.249979,2017-05-06 16:58:08.255259
694,25.0,140809.75,164690.0,2250.139805,57,397,2017-05-06 16:58:08.263144,2017-05-06 16:58:08.267753
933,50.0,290910.6,334380.0,4648.751388,27,473,2017-05-28 10:24:13.161926,2017-05-28 10:24:13.165532
1020,100.0,504673.2,560748.0,2371.96404,37,506,2017-06-04 11:55:08.644721,2017-06-04 11:55:08.652805
144,100.0,486720.0,540800.0,4575.17,37,88,2017-04-29 09:10:26.285336,2017-04-29 09:10:26.326629
813,37.5,207367.425,242535.0,3313.7314515,11,309,2017-05-15 06:31:31.739988,2017-05-15 06:31:31.743598
814,12.5,69122.475,80845.0,1104.5771505,2,309,2017-05-15 06:31:31.748168,2017-05-15 06:31:31.752306
815,12.5,69122.475,80845.0,1104.5771505,28,309,2017-05-15 06:31:31.757043,2017-05-15 06:31:31.761131
833,50.0,230000.0,230000.0,1729.6,39,444,2017-05-18 06:08:11.422836,2017-05-18 06:08:11.437143
145,50.0,325600.0,370000.0,4590.96,26,89,2017-04-29 09:10:26.42135,2017-04-29 09:10:26.638297
146,25.0,162800.0,185000.0,2295.48,38,89,2017-04-29 09:10:26.51332,2017-04-29 09:10:26.640848
147,25.0,162800.0,185000.0,2295.48,7,89,2017-04-29 09:10:26.595672,2017-04-29 09:10:26.642198
834,50.0,230000.0,230000.0,1729.6,37,444,2017-05-18 06:08:11.458174,2017-05-18 06:08:11.471526
783,100.0,576601.2,662760.0,9214.087176,58,428,2017-05-13 11:22:49.588778,2017-05-13 11:22:49.592874
149,75.0,322500.0,322500.0,2418.83,7,91,2017-04-29 09:10:26.878973,2017-04-29 09:10:27.007706
150,25.0,107500.0,107500.0,806.28,38,91,2017-04-29 09:10:26.960972,2017-04-29 09:10:27.009845
153,50.0,385942.5,454050.0,6167.36,1,94,2017-04-29 09:10:27.38004,2017-04-29 09:10:27.494746
154,50.0,385942.5,454050.0,6167.36,48,94,2017-04-29 09:10:27.460082,2017-04-29 09:10:27.496146
155,100.0,478620.0,531800.0,4499.03,37,95,2017-04-29 09:10:27.575631,2017-04-29 09:10:27.604677
156,100.0,527220.0,585800.0,4955.87,37,96,2017-04-29 09:10:27.684173,2017-04-29 09:10:27.721796
157,100.0,480420.0,533800.0,4515.95,37,97,2017-04-29 09:10:27.806199,2017-04-29 09:10:27.839256
158,100.0,484920.0,538800.0,4558.25,37,98,2017-04-29 09:10:27.919807,2017-04-29 09:10:27.948457
159,100.0,477720.0,530800.0,4490.57,37,99,2017-04-29 09:10:28.035044,2017-04-29 09:10:28.080762
160,100.0,492000.0,545550.0,3690.13,13,100,2017-04-29 09:10:28.164998,2017-04-29 09:10:28.197748
161,100.0,729470.0,858200.0,11656.93,14,101,2017-04-29 09:10:28.280241,2017-04-29 09:10:28.312076
718,50.0,423284.85,495070.0,6764.091903,80,409,2017-05-08 09:43:40.334202,2017-05-08 09:43:40.345331
719,25.0,211642.425,247535.0,3382.0459515,5,409,2017-05-08 09:43:40.361539,2017-05-08 09:43:40.369211
163,50.0,276584.9,325394.0,4419.83,36,103,2017-04-29 09:10:28.495594,2017-04-29 09:10:28.607951
164,50.0,276584.9,325394.0,4419.83,49,103,2017-04-29 09:10:28.575452,2017-04-29 09:10:28.609539
720,12.5,105821.2125,123767.5,1691.02297575,1,409,2017-05-08 09:43:40.379821,2017-05-08 09:43:40.387259
165,100.0,754545.0,887700.0,12057.63,27,104,2017-04-29 09:10:28.698452,2017-04-29 09:10:28.749818
721,12.5,105821.2125,123767.5,1691.02297575,18,409,2017-05-08 09:43:40.400561,2017-05-08 09:43:40.410113
816,25.0,351549.5,439437.0,4956.84795,28,346,2017-05-15 06:36:28.724536,2017-05-15 06:36:28.731321
817,25.0,351549.5,439437.0,4956.84795,2,346,2017-05-15 06:36:28.738287,2017-05-15 06:36:28.743772
818,50.0,703099.0,878874.0,9913.6959,8,346,2017-05-15 06:36:28.750368,2017-05-15 06:36:28.75531
744,75.0,421358.4,484320.0,6733.307232,48,416,2017-05-10 09:28:57.189785,2017-05-10 09:28:57.195625
166,25.0,184258.75,216775.0,2944.45,28,105,2017-04-29 09:10:28.837109,2017-04-29 09:10:29.035978
167,25.0,184258.75,216775.0,2944.45,2,105,2017-04-29 09:10:28.920316,2017-04-29 09:10:29.037316
168,50.0,368517.5,433550.0,5888.91,4,105,2017-04-29 09:10:29.002006,2017-04-29 09:10:29.038665
835,75.0,366900.0,407666.25,2759.088,23,445,2017-05-18 13:05:08.505654,2017-05-18 13:05:08.514897
745,12.5,70226.4,80720.0,1122.217872,1,416,2017-05-10 09:28:57.209445,2017-05-10 09:28:57.218986
1021,100.0,504673.2,560748.0,2371.96404,37,507,2017-06-04 11:55:09.669295,2017-06-04 11:55:09.678478
746,12.5,70226.4,80720.0,1122.217872,18,416,2017-05-10 09:28:57.22761,2017-05-10 09:28:57.233041
784,100.0,400000.0,420000.0,3008.0,13,429,2017-05-14 03:00:57.095268,2017-05-14 03:00:57.101979
785,100.0,718960.0,817000.0,10137.336,13,430,2017-05-14 03:12:16.8118,2017-05-14 03:12:16.817304
171,50.0,200000.0,210000.0,1500.05,13,107,2017-04-29 09:10:29.318647,2017-04-29 09:10:29.431087
172,50.0,200000.0,210000.0,1500.05,41,107,2017-04-29 09:10:29.396789,2017-04-29 09:10:29.432467
786,25.0,178200.0,202500.0,2512.62,13,431,2017-05-14 03:15:48.744266,2017-05-14 03:15:48.749731
787,50.0,356400.0,405000.0,5025.24,7,431,2017-05-14 03:15:48.760973,2017-05-14 03:15:48.766202
788,25.0,178200.0,202500.0,2512.62,36,431,2017-05-14 03:15:48.772489,2017-05-14 03:15:48.777444
173,50.0,230000.0,230000.0,1725.06,51,108,2017-04-29 09:10:29.512717,2017-04-29 09:10:29.624683
174,50.0,230000.0,230000.0,1725.06,39,108,2017-04-29 09:10:29.59077,2017-04-29 09:10:29.626071
175,50.0,234850.0,260350.0,1761.44,32,109,2017-04-29 09:10:29.708408,2017-04-29 09:10:29.830816
176,50.0,234850.0,260350.0,1761.44,35,109,2017-04-29 09:10:29.790842,2017-04-29 09:10:29.832211
177,100.0,731510.0,860600.0,11689.53,52,110,2017-04-29 09:10:29.913815,2017-04-29 09:10:29.943251
178,37.5,172125.0,191250.0,1290.98,13,111,2017-04-29 09:10:30.022501,2017-04-29 09:10:30.134267
179,62.5,286875.0,318750.0,2151.64,50,111,2017-04-29 09:10:30.100484,2017-04-29 09:10:30.135657
182,100.0,807075.0,949500.0,12897.06,53,113,2017-04-29 09:10:30.448344,2017-04-29 09:10:30.495524
183,100.0,783785.0,922100.0,12524.88,53,114,2017-04-29 09:10:30.5907,2017-04-29 09:10:30.651476
935,25.0,179612.25,216400.0,2870.203755,216,474,2017-05-28 23:12:14.637932,2017-05-28 23:12:14.641184
184,100.0,766445.0,901700.0,12247.79,53,115,2017-04-29 09:10:30.742719,2017-04-29 09:10:30.780889
936,75.0,538836.75,649200.0,8610.611265,217,474,2017-05-28 23:12:14.649296,2017-05-28 23:12:14.65358
836,100.0,629600.0,629600.0,4734.592,23,116,2017-05-18 13:34:23.451559,2017-05-18 13:34:23.46107
747,50.0,382117.5,449550.0,6106.23765,2,417,2017-05-10 09:41:42.159593,2017-05-10 09:41:42.171096
186,100.0,637920.0,708800.0,5996.45,37,117,2017-04-29 09:10:31.039993,2017-04-29 09:10:31.080441
748,50.0,382117.5,449550.0,6106.23765,28,417,2017-05-10 09:41:42.180917,2017-05-10 09:41:42.188222
789,75.0,344250.0,382500.0,2588.76,29,432,2017-05-14 04:27:28.433948,2017-05-14 04:27:28.440775
790,25.0,114750.0,127500.0,862.92,7,432,2017-05-14 04:27:28.451654,2017-05-14 04:27:28.459022
187,50.0,367200.0,408000.0,8629.2,54,118,2017-04-29 09:10:31.1667,2017-04-29 09:10:31.566356
188,50.0,367200.0,408000.0,8629.2,55,118,2017-04-29 09:10:31.31532,2017-04-29 09:10:31.567968
189,50.0,347055.0,408300.0,5545.94,8,119,2017-04-29 09:10:31.661252,2017-04-29 09:10:31.796049
190,50.0,347055.0,408300.0,5545.94,3,119,2017-04-29 09:10:31.748103,2017-04-29 09:10:31.797422
195,100.0,448000.0,448000.0,3360.12,23,121,2017-04-29 09:10:32.358405,2017-04-29 09:10:32.398013
197,43.8,317283.75,373275.0,5070.19,2,123,2017-04-29 09:10:32.588262,2017-04-29 09:10:32.89853
198,43.8,317283.75,373275.0,5070.19,28,123,2017-04-29 09:10:32.668227,2017-04-29 09:10:32.900797
199,6.3,45326.25,53325.0,724.31,6,123,2017-04-29 09:10:32.754458,2017-04-29 09:10:32.903133
200,6.25,45326.25,53325.0,724.31,11,123,2017-04-29 09:10:32.84199,2017-04-29 09:10:32.905177
201,50.0,230000.0,230000.0,1725.06,26,124,2017-04-29 09:10:32.993207,2017-04-29 09:10:33.232732
202,50.0,230000.0,230000.0,1725.06,56,124,2017-04-29 09:10:33.165535,2017-04-29 09:10:33.235416
203,100.0,775625.0,912500.0,12394.49,57,125,2017-04-29 09:10:33.33219,2017-04-29 09:10:33.377002
706,50.0,234500.0,260000.0,1763.44,13,404,2017-05-07 16:07:03.251796,2017-05-07 16:07:03.260193
204,100.0,701590.0,825400.0,11211.41,58,126,2017-04-29 09:10:33.464142,2017-04-29 09:10:33.508111
707,50.0,234500.0,260000.0,1763.44,187,404,2017-05-07 16:07:03.274834,2017-05-07 16:07:03.285092
724,37.5,222750.375,256035.0,3559.5509925,48,407,2017-05-08 15:12:51.10885,2017-05-08 15:12:51.120181
205,100.0,712470.0,838200.0,11385.27,58,127,2017-04-29 09:10:33.602929,2017-04-29 09:10:33.639499
725,37.5,222750.375,256035.0,3559.5509925,87,407,2017-05-08 15:12:51.140847,2017-05-08 15:12:51.155831
206,100.0,469620.0,521800.0,4414.43,37,128,2017-04-29 09:10:33.742985,2017-04-29 09:10:33.779425
726,12.5,74250.125,85345.0,1186.5169975,1,407,2017-05-08 15:12:51.188948,2017-05-08 15:12:51.225573
727,12.5,74250.125,85345.0,1186.5169975,18,407,2017-05-08 15:12:51.261377,2017-05-08 15:12:51.281395
937,50.0,230000.0,230000.0,1729.6,39,475,2017-05-28 23:55:26.144649,2017-05-28 23:55:26.148528
749,75.0,639540.75,735105.0,10219.861185,21,418,2017-05-10 13:31:22.244852,2017-05-10 13:31:22.252442
750,12.5,106590.125,122517.5,1703.3101975,4,418,2017-05-10 13:31:22.268025,2017-05-10 13:31:22.274963
751,12.5,106590.125,122517.5,1703.3101975,3,418,2017-05-10 13:31:22.292566,2017-05-10 13:31:22.302925
938,50.0,230000.0,230000.0,1729.6,37,475,2017-05-28 23:55:26.152973,2017-05-28 23:55:26.156442
209,25.0,117250.0,117250.0,879.41,23,131,2017-04-29 09:10:34.097428,2017-04-29 09:10:34.216453
210,75.0,351750.0,351750.0,2638.22,59,131,2017-04-29 09:10:34.176753,2017-04-29 09:10:34.218012
213,75.0,350700.0,388950.0,2630.34,29,133,2017-04-29 09:10:34.488443,2017-04-29 09:10:34.606232
214,25.0,116900.0,129650.0,876.78,7,133,2017-04-29 09:10:34.569467,2017-04-29 09:10:34.608096
215,100.0,613620.0,681800.0,5768.03,37,134,2017-04-29 09:10:34.709574,2017-04-29 09:10:34.74267
216,100.0,1040007.2,1300009.0,14664.1,58,135,2017-04-29 09:10:34.832652,2017-04-29 09:10:34.874093
217,100.0,1047084.8,1308856.0,14763.9,58,136,2017-04-29 09:10:34.970512,2017-04-29 09:10:35.015944
218,50.0,399032.5,469450.0,6376.54,2,137,2017-04-29 09:10:35.110951,2017-04-29 09:10:35.252088
219,50.0,399032.5,469450.0,6376.54,28,137,2017-04-29 09:10:35.201455,2017-04-29 09:10:35.254279
220,50.0,241300.0,268100.0,1809.81,29,138,2017-04-29 09:10:35.44756,2017-04-29 09:10:35.607168
221,50.0,241300.0,268100.0,1809.81,24,138,2017-04-29 09:10:35.559254,2017-04-29 09:10:35.609044
223,100.0,476820.0,529800.0,4482.11,37,140,2017-04-29 09:10:35.80298,2017-04-29 09:10:35.847761
224,100.0,471742.0,523800.0,4434.37,37,141,2017-04-29 09:10:35.94551,2017-04-29 09:10:35.983512
225,75.0,486420.0,552750.0,6858.52,41,142,2017-04-29 09:10:36.074605,2017-04-29 09:10:36.201783
226,25.0,162140.0,184250.0,2286.17,26,142,2017-04-29 09:10:36.160556,2017-04-29 09:10:36.204025
227,100.0,279450.0,310500.0,3152.2,41,143,2017-04-29 09:10:36.315918,2017-04-29 09:10:36.369855
839,25.0,425263.0,531578.75,5996.2083,2,447,2017-05-19 06:33:23.166678,2017-05-19 06:33:23.175089
228,100.0,497200.0,550750.0,3729.13,13,144,2017-04-29 09:10:36.457627,2017-04-29 09:10:36.503067
840,25.0,425263.0,531578.75,5996.2083,28,447,2017-05-19 06:33:23.190408,2017-05-19 06:33:23.199975
841,50.0,850526.0,1063157.5,11992.4166,27,447,2017-05-19 06:33:23.215779,2017-05-19 06:33:23.224727
229,50.0,233400.0,233400.0,1750.56,60,145,2017-04-29 09:10:36.612344,2017-04-29 09:10:36.761064
230,50.0,233400.0,233400.0,1750.56,29,145,2017-04-29 09:10:36.707891,2017-04-29 09:10:36.763224
231,75.0,367875.0,408000.0,2759.16,29,146,2017-04-29 09:10:36.85229,2017-04-29 09:10:37.110954
232,25.0,122625.0,136000.0,919.72,7,146,2017-04-29 09:10:36.963437,2017-04-29 09:10:37.115731
233,75.0,344775.0,383025.0,2585.9,32,147,2017-04-29 09:10:37.286673,2017-04-29 09:10:37.420341
234,25.0,114925.0,127675.0,861.97,35,147,2017-04-29 09:10:37.376985,2017-04-29 09:10:37.422312
235,100.0,586532.0,683800.0,5513.4,37,148,2017-04-29 09:10:37.508109,2017-04-29 09:10:37.561133
239,45.0,268955.64,314568.0,4297.91,2,151,2017-04-29 09:10:38.063607,2017-04-29 09:10:38.322781
240,45.0,268955.64,314568.0,4297.91,28,151,2017-04-29 09:10:38.148855,2017-04-29 09:10:38.327982
241,10.0,59767.92,69904.0,955.09,36,151,2017-04-29 09:10:38.236993,2017-04-29 09:10:38.329935
242,50.0,310156.0,370000.0,4373.2,23,152,2017-04-29 09:10:38.417356,2017-04-29 09:10:38.477794
243,100.0,476200.0,529111.0,3571.62,23,153,2017-04-29 09:10:38.623735,2017-04-29 09:10:38.665279
244,50.0,230900.0,256400.0,1731.81,32,154,2017-04-29 09:10:38.781682,2017-04-29 09:10:38.906427
245,50.0,230900.0,256400.0,1731.81,7,154,2017-04-29 09:10:38.870404,2017-04-29 09:10:38.907788
246,100.0,400000.0,420000.0,3000.1,61,155,2017-04-29 09:10:38.994194,2017-04-29 09:10:39.070344
247,100.0,489000.0,542600.0,3667.63,29,156,2017-04-29 09:10:39.161131,2017-04-29 09:10:39.193898
248,90.0,534833.28,625536.0,8546.64,49,157,2017-04-29 09:10:39.284756,2017-04-29 09:10:39.411472
249,10.0,59425.92,69504.0,949.63,36,157,2017-04-29 09:10:39.366594,2017-04-29 09:10:39.41369
250,50.0,293709.6,343520.0,4693.48,62,158,2017-04-29 09:10:39.500815,2017-04-29 09:10:39.699624
251,40.0,234967.68,274816.0,3754.78,63,158,2017-04-29 09:10:39.584058,2017-04-29 09:10:39.701029
252,10.0,58741.92,68704.0,938.7,36,158,2017-04-29 09:10:39.663608,2017-04-29 09:10:39.702393
253,90.0,607935.6,711036.0,9714.81,62,159,2017-04-29 09:10:39.782484,2017-04-29 09:10:39.910497
254,10.0,67548.4,79004.0,1079.42,36,159,2017-04-29 09:10:39.867616,2017-04-29 09:10:39.91234
255,37.5,227977.2,266640.0,3643.08,64,160,2017-04-29 09:10:40.001481,2017-04-29 09:10:40.302153
256,37.5,227977.2,266640.0,3643.08,65,160,2017-04-29 09:10:40.084602,2017-04-29 09:10:40.304248
257,15.0,91190.88,106656.0,1457.23,4,160,2017-04-29 09:10:40.163213,2017-04-29 09:10:40.305733
258,10.0,60793.92,71104.0,971.49,36,160,2017-04-29 09:10:40.25227,2017-04-29 09:10:40.307466
259,100.0,651200.0,740000.0,9181.92,31,161,2017-04-29 09:10:40.401063,2017-04-29 09:10:40.439554
262,90.0,479476.8,581184.0,7662.04,8,163,2017-04-29 09:10:40.726252,2017-04-29 09:10:40.837416
263,10.0,53275.2,64576.0,851.34,36,163,2017-04-29 09:10:40.804966,2017-04-29 09:10:40.839104
264,90.0,547145.28,639936.0,8743.38,22,164,2017-04-29 09:10:40.928859,2017-04-29 09:10:41.044102
265,10.0,60793.92,71104.0,971.49,36,164,2017-04-29 09:10:41.006886,2017-04-29 09:10:41.046545
266,65.0,363882.87,425594.0,5814.85,22,165,2017-04-29 09:10:41.141244,2017-04-29 09:10:41.404711
267,25.0,139954.95,163690.0,2236.48,57,165,2017-04-29 09:10:41.255784,2017-04-29 09:10:41.411743
268,10.0,55981.98,65476.0,894.59,36,165,2017-04-29 09:10:41.348354,2017-04-29 09:10:41.418466
269,90.0,530216.1,620136.0,8472.85,30,166,2017-04-29 09:10:41.581488,2017-04-29 09:10:41.710874
270,10.0,58912.9,68904.0,941.43,36,166,2017-04-29 09:10:41.663205,2017-04-29 09:10:41.713018
273,90.0,770913.0,891126.0,12319.19,21,168,2017-04-29 09:10:42.074614,2017-04-29 09:10:42.230468
274,10.0,85657.0,99014.0,1368.8,36,168,2017-04-29 09:10:42.172763,2017-04-29 09:10:42.232641
275,90.0,519316.2,621936.0,8298.67,67,169,2017-04-29 09:10:42.325381,2017-04-29 09:10:42.560875
276,10.0,57701.8,69104.0,922.07,36,169,2017-04-29 09:10:42.463378,2017-04-29 09:10:42.562765
277,100.0,469200.0,520200.0,3519.12,31,170,2017-04-29 09:10:42.687262,2017-04-29 09:10:42.741602
278,65.0,394048.98,460876.0,6296.9,68,171,2017-04-29 09:10:42.832183,2017-04-29 09:10:43.063408
279,25.0,151557.3,177260.0,2421.89,22,171,2017-04-29 09:10:42.913538,2017-04-29 09:10:43.064874
280,10.0,60622.92,70904.0,968.75,36,171,2017-04-29 09:10:43.009192,2017-04-29 09:10:43.0663
281,75.0,352275.0,390532.5,2642.15,29,172,2017-04-29 09:10:43.162211,2017-04-29 09:10:43.292739
282,25.0,117425.0,130177.5,880.72,7,172,2017-04-29 09:10:43.247101,2017-04-29 09:10:43.29487
758,100.0,1145700.0,1273000.0,26923.95,18,93,2017-05-11 00:12:17.720137,2017-05-11 00:12:17.732878
285,50.0,414307.85,484570.0,6620.64,8,174,2017-04-29 09:10:43.598741,2017-04-29 09:10:43.913301
286,25.0,207153.93,242285.0,3310.32,70,174,2017-04-29 09:10:43.685287,2017-04-29 09:10:43.917726
287,12.5,103576.96,121142.5,1655.16,3,174,2017-04-29 09:10:43.769828,2017-04-29 09:10:43.919706
288,12.5,103576.96,121142.5,1655.16,4,174,2017-04-29 09:10:43.854062,2017-04-29 09:10:43.921664
289,50.0,294137.1,344020.0,4700.31,8,175,2017-04-29 09:10:44.013356,2017-04-29 09:10:44.231635
290,40.0,235309.68,275216.0,3760.25,54,175,2017-04-29 09:10:44.097748,2017-04-29 09:10:44.233553
291,10.0,58827.42,68804.0,940.06,36,175,2017-04-29 09:10:44.184699,2017-04-29 09:10:44.235558
292,100.0,450332.0,525800.0,4233.12,37,176,2017-04-29 09:10:44.322377,2017-04-29 09:10:44.364607
293,12.5,97569.38,114787.5,1559.16,4,177,2017-04-29 09:10:44.450161,2017-04-29 09:10:44.73732
294,12.5,97569.38,114787.5,1559.16,3,177,2017-04-29 09:10:44.530856,2017-04-29 09:10:44.738744
295,50.0,390277.5,459150.0,6236.63,71,177,2017-04-29 09:10:44.613257,2017-04-29 09:10:44.740288
296,25.0,195138.75,229575.0,3118.32,72,177,2017-04-29 09:10:44.692533,2017-04-29 09:10:44.741738
297,100.0,657360.0,747000.0,9268.78,31,178,2017-04-29 09:10:44.823943,2017-04-29 09:10:44.857919
298,50.0,402050.0,473000.0,6424.76,22,179,2017-04-29 09:10:44.942086,2017-04-29 09:10:45.227909
299,50.0,402050.0,473000.0,6424.76,73,179,2017-04-29 09:10:45.032818,2017-04-29 09:10:45.23148
300,100.0,748170.0,880200.0,11955.76,67,180,2017-04-29 09:10:45.429498,2017-04-29 09:10:45.582169
301,75.0,557366.25,655725.0,8906.71,74,181,2017-04-29 09:10:45.673283,2017-04-29 09:10:46.016593
302,25.0,185788.75,218575.0,2968.9,4,181,2017-04-29 09:10:45.761749,2017-04-29 09:10:46.020868
303,50.0,195140.0,221750.0,2201.18,75,182,2017-04-29 09:10:46.11349,2017-04-29 09:10:46.259877
304,50.0,195140.0,221750.0,2201.18,31,182,2017-04-29 09:10:46.209786,2017-04-29 09:10:46.261285
305,85.0,627997.0,738820.0,10035.39,57,183,2017-04-29 09:10:46.347842,2017-04-29 09:10:46.464402
306,15.0,110823.0,130380.0,1770.95,76,183,2017-04-29 09:10:46.428185,2017-04-29 09:10:46.465783
759,100.0,840600.0,934000.0,19754.1,18,92,2017-05-11 00:13:02.463541,2017-05-11 00:13:02.47377
307,85.0,617159.5,726070.0,9862.21,57,184,2017-04-29 09:10:46.548456,2017-04-29 09:10:46.662082
308,15.0,108910.5,128130.0,1740.39,76,184,2017-04-29 09:10:46.62961,2017-04-29 09:10:46.663507
309,100.0,788800.0,928000.0,12605.02,15,185,2017-04-29 09:10:46.74455,2017-04-29 09:10:46.774806
310,50.0,358402.5,421650.0,5727.27,15,186,2017-04-29 09:10:46.856516,2017-04-29 09:10:47.062411
311,25.0,179201.25,210825.0,2863.64,2,186,2017-04-29 09:10:46.937573,2017-04-29 09:10:47.064158
312,25.0,179201.25,210825.0,2863.64,28,186,2017-04-29 09:10:47.017467,2017-04-29 09:10:47.065801
313,50.0,234500.0,260000.0,1758.81,32,187,2017-04-29 09:10:47.158284,2017-04-29 09:10:47.285892
314,50.0,234500.0,260000.0,1758.81,77,187,2017-04-29 09:10:47.247809,2017-04-29 09:10:47.287435
315,50.0,230000.0,230000.0,1725.06,32,188,2017-04-29 09:10:47.371131,2017-04-29 09:10:47.604487
316,25.0,115000.0,115000.0,862.53,78,188,2017-04-29 09:10:47.452967,2017-04-29 09:10:47.606586
317,25.0,115000.0,115000.0,862.53,79,188,2017-04-29 09:10:47.548882,2017-04-29 09:10:47.611209
318,100.0,730320.0,859200.0,11670.51,22,189,2017-04-29 09:10:47.703353,2017-04-29 09:10:47.744318
319,75.0,609067.5,716550.0,9732.9,80,190,2017-04-29 09:10:47.833175,2017-04-29 09:10:48.039653
320,12.5,101511.25,119425.0,1622.15,1,190,2017-04-29 09:10:47.918022,2017-04-29 09:10:48.041237
321,12.5,101511.25,119425.0,1622.15,18,190,2017-04-29 09:10:47.999473,2017-04-29 09:10:48.042753
322,50.0,292854.6,342520.0,4679.82,36,191,2017-04-29 09:10:48.123413,2017-04-29 09:10:48.2574
323,50.0,292854.6,342520.0,4679.82,21,191,2017-04-29 09:10:48.209728,2017-04-29 09:10:48.258783
324,100.0,714340.0,840400.0,11415.15,67,192,2017-04-29 09:10:48.34052,2017-04-29 09:10:48.373157
325,100.0,809200.0,952000.0,12931.02,21,193,2017-04-29 09:10:48.461893,2017-04-29 09:10:48.500896
760,12.5,91608.75,107775.0,1463.907825,3,198,2017-05-11 00:14:07.554441,2017-05-11 00:14:07.561172
761,12.5,91608.75,107775.0,1463.907825,4,198,2017-05-11 00:14:07.568169,2017-05-11 00:14:07.574791
762,25.0,183217.5,215550.0,2927.81565,18,198,2017-05-11 00:14:07.580231,2017-05-11 00:14:07.584292
326,50.0,297854.5,342520.0,4759.71,21,194,2017-04-29 09:10:48.595653,2017-04-29 09:10:48.716758
327,50.0,297854.5,342520.0,4759.71,36,194,2017-04-29 09:10:48.678148,2017-04-29 09:10:48.718279
763,50.0,366435.0,431100.0,5855.6313,5,198,2017-05-11 00:14:07.58894,2017-05-11 00:14:07.592868
328,75.0,541110.0,636600.0,8646.94,81,195,2017-04-29 09:10:48.802914,2017-04-29 09:10:48.920656
329,25.0,180370.0,212200.0,2882.31,22,195,2017-04-29 09:10:48.881506,2017-04-29 09:10:48.922349
330,100.0,810390.0,953400.0,12950.03,27,196,2017-04-29 09:10:49.008247,2017-04-29 09:10:49.049905
331,100.0,818040.0,962400.0,13072.28,27,197,2017-04-29 09:10:49.13693,2017-04-29 09:10:49.257753
336,100.0,726920.0,855200.0,11616.18,82,199,2017-04-29 09:10:50.076584,2017-04-29 09:10:50.14635
337,50.0,315900.0,315900.0,2369.33,26,200,2017-04-29 09:10:50.250841,2017-04-29 09:10:50.374453
338,50.0,315900.0,315900.0,2369.33,39,200,2017-04-29 09:10:50.331967,2017-04-29 09:10:50.377374
339,90.0,528807.6,617436.0,8450.35,21,201,2017-04-29 09:10:50.459917,2017-04-29 09:10:50.760043
340,10.0,58756.4,68604.0,938.93,36,201,2017-04-29 09:10:50.539943,2017-04-29 09:10:50.76447
341,100.0,1203600.0,1107300.0,6788.3,7,202,2017-04-29 09:10:50.854921,2017-04-29 09:10:50.950302
342,50.0,401200.0,472000.0,6411.18,2,203,2017-04-29 09:10:51.042884,2017-04-29 09:10:51.276065
343,50.0,401200.0,472000.0,6411.18,28,203,2017-04-29 09:10:51.151971,2017-04-29 09:10:51.277972
344,100.0,459000.0,510000.0,3442.62,13,204,2017-04-29 09:10:51.383286,2017-04-29 09:10:51.45417
345,100.0,602632.0,702800.0,5664.74,37,205,2017-04-29 09:10:51.576211,2017-04-29 09:10:51.646933
346,100.0,482700.0,482700.0,3620.38,29,206,2017-04-29 09:10:51.741786,2017-04-29 09:10:51.826835
347,100.0,492932.0,574800.0,4633.56,37,207,2017-04-29 09:10:51.925575,2017-04-29 09:10:51.993792
350,62.5,428280.0,516000.0,6843.91,82,209,2017-04-29 09:10:52.360471,2017-04-29 09:10:52.509244
351,37.5,256968.0,309600.0,4106.35,72,209,2017-04-29 09:10:52.455341,2017-04-29 09:10:52.511592
352,100.0,585632.0,682800.0,5504.94,37,210,2017-04-29 09:10:52.656499,2017-04-29 09:10:52.713019
353,60.0,436305.0,513300.0,6972.15,8,211,2017-04-29 09:10:52.800803,2017-04-29 09:10:53.195225
354,15.0,109076.25,128325.0,1743.04,54,211,2017-04-29 09:10:52.89354,2017-04-29 09:10:53.196648
355,12.5,90896.88,106937.5,1452.53,3,211,2017-04-29 09:10:53.010453,2017-04-29 09:10:53.198359
356,12.5,90896.88,106937.5,1452.53,4,211,2017-04-29 09:10:53.107689,2017-04-29 09:10:53.20024
357,50.0,408850.0,481000.0,6533.42,2,212,2017-04-29 09:10:53.28727,2017-04-29 09:10:53.450944
358,50.0,408850.0,481000.0,6533.42,28,212,2017-04-29 09:10:53.373412,2017-04-29 09:10:53.459268
359,100.0,416132.0,487800.0,3911.64,37,213,2017-04-29 09:10:53.590191,2017-04-29 09:10:53.666864
360,50.0,375487.5,441750.0,6000.29,2,214,2017-04-29 09:10:53.758378,2017-04-29 09:10:53.933141
361,50.0,375487.5,441750.0,6000.29,28,214,2017-04-29 09:10:53.87455,2017-04-29 09:10:53.935078
362,50.0,200000.0,210000.0,1500.05,26,215,2017-04-29 09:10:54.032104,2017-04-29 09:10:54.186197
363,50.0,200000.0,210000.0,1500.05,83,215,2017-04-29 09:10:54.127778,2017-04-29 09:10:54.189779
364,50.0,229900.0,255400.0,1724.31,32,216,2017-04-29 09:10:54.331855,2017-04-29 09:10:54.475614
365,50.0,229900.0,255400.0,1724.31,7,216,2017-04-29 09:10:54.437192,2017-04-29 09:10:54.477797
766,50.0,241022.0,282400.0,2265.6068,7,423,2017-05-11 00:49:25.30285,2017-05-11 00:49:25.324253
767,50.0,241022.0,282400.0,2265.6068,102,423,2017-05-11 00:49:25.347433,2017-05-11 00:49:25.359263
366,50.0,229500.0,255000.0,1721.31,7,217,2017-04-29 09:10:54.564995,2017-04-29 09:10:54.69277
367,50.0,229500.0,255000.0,1721.31,84,217,2017-04-29 09:10:54.650192,2017-04-29 09:10:54.694355
368,100.0,704310.0,828600.0,11254.87,85,218,2017-04-29 09:10:54.776436,2017-04-29 09:10:54.813161
369,100.0,678511.0,849200.0,10842.61,85,219,2017-04-29 09:10:54.896796,2017-04-29 09:10:54.929974
370,50.0,240950.0,267750.0,1807.19,29,220,2017-04-29 09:10:55.017568,2017-04-29 09:10:55.157806
371,50.0,240950.0,267750.0,1807.19,24,220,2017-04-29 09:10:55.11254,2017-04-29 09:10:55.159568
372,25.0,116900.0,116900.0,876.78,50,221,2017-04-29 09:10:55.243145,2017-04-29 09:10:55.384175
373,75.0,350700.0,350700.0,2630.34,24,221,2017-04-29 09:10:55.329201,2017-04-29 09:10:55.386295
374,100.0,460500.0,460500.0,3453.87,24,222,2017-04-29 09:10:55.475378,2017-04-29 09:10:55.511211
375,100.0,460500.0,460500.0,3453.87,24,223,2017-04-29 09:10:55.595699,2017-04-29 09:10:55.627507
376,100.0,460500.0,460500.0,3453.87,24,224,2017-04-29 09:10:55.712317,2017-04-29 09:10:55.743792
383,100.0,392040.0,445500.0,4422.21,31,227,2017-04-29 09:10:56.580296,2017-04-29 09:10:56.621695
384,50.0,230000.0,230000.0,1725.06,39,228,2017-04-29 09:10:56.707601,2017-04-29 09:10:56.860063
385,50.0,230000.0,230000.0,1725.06,37,228,2017-04-29 09:10:56.797773,2017-04-29 09:10:56.862111
386,100.0,447532.0,523800.0,4206.8,37,229,2017-04-29 09:10:56.955851,2017-04-29 09:10:56.988751
387,100.0,1112409.0,1236010.0,17776.3,3,230,2017-04-29 09:10:57.07768,2017-04-29 09:10:57.124902
388,50.0,651735.0,1034500.0,15315.77,3,231,2017-04-29 09:10:57.218471,2017-04-29 09:10:57.397129
389,50.0,651735.0,1034500.0,15315.77,88,231,2017-04-29 09:10:57.331206,2017-04-29 09:10:57.400468
390,50.0,647325.0,1027500.0,15212.14,3,232,2017-04-29 09:10:57.497072,2017-04-29 09:10:57.676147
391,50.0,647325.0,1027500.0,15212.14,88,232,2017-04-29 09:10:57.604838,2017-04-29 09:10:57.679262
392,100.0,459000.0,510000.0,3442.62,13,233,2017-04-29 09:10:57.770679,2017-04-29 09:10:57.816654
393,12.5,129375.0,143750.0,3040.31,4,234,2017-04-29 09:10:57.90854,2017-04-29 09:10:58.136279
394,12.5,129375.0,143750.0,3040.31,3,234,2017-04-29 09:10:57.997233,2017-04-29 09:10:58.138096
395,75.0,776250.0,862500.0,18241.88,58,234,2017-04-29 09:10:58.088864,2017-04-29 09:10:58.140031
396,50.0,225616.0,263400.0,2120.79,37,235,2017-04-29 09:10:58.227423,2017-04-29 09:10:58.372499
397,50.0,225616.0,263400.0,2120.79,7,235,2017-04-29 09:10:58.323744,2017-04-29 09:10:58.375874
398,75.0,437820.0,512070.0,6996.36,67,236,2017-04-29 09:10:58.471957,2017-04-29 09:10:58.607818
399,25.0,145940.0,170690.0,2332.12,22,236,2017-04-29 09:10:58.558867,2017-04-29 09:10:58.609701
400,50.0,368432.5,433450.0,5887.55,63,237,2017-04-29 09:10:58.697965,2017-04-29 09:10:58.823909
401,50.0,368432.5,433450.0,5887.55,62,237,2017-04-29 09:10:58.779784,2017-04-29 09:10:58.825887
404,50.0,551950.0,551950.0,5188.33,26,239,2017-04-29 09:10:59.121255,2017-04-29 09:10:59.308972
405,50.0,551950.0,551950.0,5188.33,13,239,2017-04-29 09:10:59.207322,2017-04-29 09:10:59.312714
406,100.0,845580.0,994800.0,13512.37,80,240,2017-04-29 09:10:59.434563,2017-04-29 09:10:59.512436
407,100.0,771885.0,908100.0,12334.72,80,241,2017-04-29 09:10:59.705339,2017-04-29 09:10:59.777341
410,50.0,308244.6,360520.0,4925.75,54,243,2017-04-29 09:11:00.143731,2017-04-29 09:11:00.284702
411,50.0,308244.6,360520.0,4925.75,17,243,2017-04-29 09:11:00.229308,2017-04-29 09:11:00.287331
412,100.0,474032.0,553800.0,4455.9,37,244,2017-04-29 09:11:00.37814,2017-04-29 09:11:00.430717
413,50.0,617825.0,950500.0,14518.89,63,245,2017-04-29 09:11:00.519949,2017-04-29 09:11:00.660066
414,50.0,617825.0,950500.0,14518.89,36,245,2017-04-29 09:11:00.606777,2017-04-29 09:11:00.662344
415,50.0,668525.0,1028500.0,15710.34,63,246,2017-04-29 09:11:00.755784,2017-04-29 09:11:00.939487
416,50.0,668525.0,1028500.0,15710.34,36,246,2017-04-29 09:11:00.887581,2017-04-29 09:11:00.94205
417,50.0,685100.0,1054000.0,16099.85,63,247,2017-04-29 09:11:01.038324,2017-04-29 09:11:01.1966
418,50.0,685100.0,1054000.0,16099.85,36,247,2017-04-29 09:11:01.131689,2017-04-29 09:11:01.19887
419,75.0,333024.0,389100.0,3130.43,37,248,2017-04-29 09:11:01.292671,2017-04-29 09:11:01.462069
420,25.0,111008.0,129700.0,1043.48,90,248,2017-04-29 09:11:01.381397,2017-04-29 09:11:01.46689
421,100.0,748000.0,880000.0,11953.04,91,249,2017-04-29 09:11:01.572049,2017-04-29 09:11:01.629153
422,100.0,863100.0,959000.0,20282.85,30,250,2017-04-29 09:11:01.718574,2017-04-29 09:11:01.762696
425,43.8,362764.06,426781.25,5796.97,8,252,2017-04-29 09:11:02.097168,2017-04-29 09:11:02.359221
426,50.0,414587.5,487750.0,6625.11,93,252,2017-04-29 09:11:02.197434,2017-04-29 09:11:02.361456
427,6.3,51823.44,60968.75,828.14,62,252,2017-04-29 09:11:02.281821,2017-04-29 09:11:02.363566
428,37.5,209925.0,209925.0,1973.3,26,253,2017-04-29 09:11:02.4504,2017-04-29 09:11:02.660161
429,37.5,209925.0,209925.0,1973.3,60,253,2017-04-29 09:11:02.530892,2017-04-29 09:11:02.661707
430,25.0,139950.0,139950.0,1315.53,94,253,2017-04-29 09:11:02.615079,2017-04-29 09:11:02.663143
431,37.5,190282.5,211425.0,1788.66,26,254,2017-04-29 09:11:02.780746,2017-04-29 09:11:02.989068
432,37.5,190282.5,211425.0,1788.66,60,254,2017-04-29 09:11:02.8617,2017-04-29 09:11:02.990692
433,25.0,126855.0,140950.0,1192.44,94,254,2017-04-29 09:11:02.945739,2017-04-29 09:11:02.992548
434,62.5,489865.63,576312.5,7828.05,18,255,2017-04-29 09:11:03.073265,2017-04-29 09:11:03.272893
435,25.0,195946.25,230525.0,3131.22,87,255,2017-04-29 09:11:03.152063,2017-04-29 09:11:03.274633
436,12.5,97973.13,115262.5,1565.61,1,255,2017-04-29 09:11:03.232318,2017-04-29 09:11:03.276502
437,50.0,324280.0,368500.0,4572.35,31,256,2017-04-29 09:11:03.357522,2017-04-29 09:11:03.499427
438,50.0,324280.0,368500.0,4572.35,7,256,2017-04-29 09:11:03.451388,2017-04-29 09:11:03.501752
439,50.0,231660.0,257400.0,2177.6,26,257,2017-04-29 09:11:03.582609,2017-04-29 09:11:03.715125
440,50.0,231660.0,257400.0,2177.6,25,257,2017-04-29 09:11:03.674618,2017-04-29 09:11:03.717007
441,75.0,579551.25,681825.0,9261.23,15,258,2017-04-29 09:11:03.802845,2017-04-29 09:11:04.006555
442,12.5,96591.88,113637.5,1543.54,18,258,2017-04-29 09:11:03.882557,2017-04-29 09:11:04.007976
443,12.5,96591.88,113637.5,1543.54,1,258,2017-04-29 09:11:03.96778,2017-04-29 09:11:04.009566
444,100.0,449432.0,524800.0,4224.66,37,259,2017-04-29 09:11:04.089403,2017-04-29 09:11:04.129927
445,50.0,243316.0,283900.0,2287.17,90,260,2017-04-29 09:11:04.216771,2017-04-29 09:11:04.426554
446,25.0,121658.0,141950.0,1143.59,25,260,2017-04-29 09:11:04.30135,2017-04-29 09:11:04.427876
447,25.0,121658.0,141950.0,1143.59,75,260,2017-04-29 09:11:04.384205,2017-04-29 09:11:04.429202
448,100.0,481900.0,535500.0,3614.38,29,261,2017-04-29 09:11:04.507991,2017-04-29 09:11:04.539522
449,100.0,775455.0,912300.0,12391.77,53,262,2017-04-29 09:11:04.618214,2017-04-29 09:11:04.649873
450,100.0,741370.0,872200.0,11847.09,86,263,2017-04-29 09:11:04.729222,2017-04-29 09:11:04.76081
451,100.0,589232.0,686800.0,5538.78,75,264,2017-04-29 09:11:04.845006,2017-04-29 09:11:04.887736
452,75.0,345000.0,345000.0,2587.59,41,265,2017-04-29 09:11:04.970208,2017-04-29 09:11:05.08951
453,25.0,115000.0,115000.0,862.53,95,265,2017-04-29 09:11:05.054576,2017-04-29 09:11:05.090899
454,50.0,220666.0,257900.0,2074.26,96,266,2017-04-29 09:11:05.172962,2017-04-29 09:11:05.414377
455,37.5,165499.5,193425.0,1555.7,97,266,2017-04-29 09:11:05.262841,2017-04-29 09:11:05.416719
456,12.5,55166.5,64475.0,518.57,37,266,2017-04-29 09:11:05.351793,2017-04-29 09:11:05.419336
457,100.0,439532.0,513800.0,4131.6,90,267,2017-04-29 09:11:05.506987,2017-04-29 09:11:05.551421
458,100.0,463300.0,514300.0,3474.87,32,268,2017-04-29 09:11:05.642416,2017-04-29 09:11:05.700449
459,75.0,364299.0,425100.0,3424.41,37,269,2017-04-29 09:11:05.807624,2017-04-29 09:11:06.060258
460,12.5,60716.5,70850.0,570.74,75,269,2017-04-29 09:11:05.913348,2017-04-29 09:11:06.062859
461,12.5,60716.5,70850.0,570.74,25,269,2017-04-29 09:11:06.002714,2017-04-29 09:11:06.065647
462,50.0,414587.5,487750.0,6625.11,8,270,2017-04-29 09:11:06.155789,2017-04-29 09:11:06.29797
463,50.0,414587.5,487750.0,6625.11,93,270,2017-04-29 09:11:06.242898,2017-04-29 09:11:06.300134
464,100.0,755055.0,888300.0,12065.78,80,271,2017-04-29 09:11:06.390417,2017-04-29 09:11:06.442709
465,75.0,325599.0,380850.0,3060.63,37,272,2017-04-29 09:11:06.526678,2017-04-29 09:11:06.641919
466,25.0,108533.0,126950.0,1020.21,90,272,2017-04-29 09:11:06.606977,2017-04-29 09:11:06.643331
467,75.0,558768.75,657375.0,8929.12,21,273,2017-04-29 09:11:06.722725,2017-04-29 09:11:06.925886
468,12.5,93128.13,109562.5,1488.19,3,273,2017-04-29 09:11:06.800287,2017-04-29 09:11:06.927324
469,12.5,93128.13,109562.5,1488.19,4,273,2017-04-29 09:11:06.880688,2017-04-29 09:11:06.928694
475,50.0,228510.0,263900.0,2577.59,37,276,2017-04-29 09:11:07.51198,2017-04-29 09:11:07.642802
476,50.0,228510.0,263900.0,2577.59,89,276,2017-04-29 09:11:07.597511,2017-04-29 09:11:07.64482
477,50.0,229450.0,256450.0,1720.93,33,277,2017-04-29 09:11:07.732196,2017-04-29 09:11:07.861007
478,50.0,229450.0,256450.0,1720.93,83,277,2017-04-29 09:11:07.817123,2017-04-29 09:11:07.862979
479,100.0,801555.0,943000.0,12808.85,17,278,2017-04-29 09:11:07.949744,2017-04-29 09:11:07.988883
480,75.0,401420.25,486570.0,6414.7,76,279,2017-04-29 09:11:08.069056,2017-04-29 09:11:08.182951
481,25.0,133806.75,162190.0,2138.23,22,279,2017-04-29 09:11:08.146854,2017-04-29 09:11:08.184833
482,50.0,234500.0,260000.0,1758.81,13,280,2017-04-29 09:11:08.268468,2017-04-29 09:11:08.461112
483,25.0,117250.0,130000.0,879.41,26,280,2017-04-29 09:11:08.348156,2017-04-29 09:11:08.463183
484,25.0,117250.0,130000.0,879.41,38,280,2017-04-29 09:11:08.426045,2017-04-29 09:11:08.465143
488,50.0,240950.0,267750.0,1807.19,66,282,2017-04-29 09:11:08.866749,2017-04-29 09:11:09.065914
489,37.5,180712.5,200812.5,1355.39,29,282,2017-04-29 09:11:08.948008,2017-04-29 09:11:09.067854
490,12.5,60237.5,66937.5,451.8,7,282,2017-04-29 09:11:09.03041,2017-04-29 09:11:09.069338
491,100.0,836310.0,978140.0,13364.23,21,283,2017-04-29 09:11:09.152523,2017-04-29 09:11:09.199754
492,75.0,367950.0,408112.5,2759.72,32,284,2017-04-29 09:11:09.290863,2017-04-29 09:11:09.40687
493,25.0,122650.0,136037.5,919.91,7,284,2017-04-29 09:11:09.374271,2017-04-29 09:11:09.408415
494,100.0,401850.0,446500.0,2266.43,63,285,2017-04-29 09:11:09.487656,2017-04-29 09:11:09.522204
495,50.0,634400.0,976000.0,14908.4,3,286,2017-04-29 09:11:09.601194,2017-04-29 09:11:09.71197
496,50.0,634400.0,976000.0,14908.4,88,286,2017-04-29 09:11:09.678352,2017-04-29 09:11:09.713439
497,50.0,239600.0,265100.0,1797.06,75,287,2017-04-29 09:11:09.793439,2017-04-29 09:11:10.075484
498,25.0,119800.0,132550.0,898.53,32,287,2017-04-29 09:11:09.875718,2017-04-29 09:11:10.076923
499,12.5,59900.0,66275.0,449.27,31,287,2017-04-29 09:11:09.953619,2017-04-29 09:11:10.078343
500,12.5,59900.0,66275.0,449.27,41,287,2017-04-29 09:11:10.033648,2017-04-29 09:11:10.079762
501,100.0,703120.0,799000.0,9913.99,37,288,2017-04-29 09:11:10.160893,2017-04-29 09:11:10.208476
502,75.0,566610.0,666600.0,9054.43,15,289,2017-04-29 09:11:10.288149,2017-04-29 09:11:10.497783
503,12.5,94435.0,111100.0,1509.07,2,289,2017-04-29 09:11:10.366483,2017-04-29 09:11:10.499818
504,12.5,94435.0,111100.0,1509.07,28,289,2017-04-29 09:11:10.445331,2017-04-29 09:11:10.501633
505,100.0,717200.0,815000.0,10112.52,34,290,2017-04-29 09:11:10.584071,2017-04-29 09:11:10.622852
506,25.0,170280.0,193500.0,2400.95,13,291,2017-04-29 09:11:10.704064,2017-04-29 09:11:10.932668
507,50.0,340560.0,387000.0,4801.9,7,291,2017-04-29 09:11:10.811184,2017-04-29 09:11:10.934351
508,25.0,170280.0,193500.0,2400.95,36,291,2017-04-29 09:11:10.891838,2017-04-29 09:11:10.936024
509,90.0,559876.5,643536.0,8946.83,13,292,2017-04-29 09:11:11.019547,2017-04-29 09:11:11.14881
510,10.0,62208.5,71504.0,994.09,36,292,2017-04-29 09:11:11.102442,2017-04-29 09:11:11.150327
511,90.0,559876.5,643536.0,8946.83,13,293,2017-04-29 09:11:11.243,2017-04-29 09:11:11.413241
512,10.0,62208.5,71504.0,994.09,36,293,2017-04-29 09:11:11.34912,2017-04-29 09:11:11.415268
515,100.0,758455.0,892300.0,12120.11,86,295,2017-04-29 09:11:11.729596,2017-04-29 09:11:11.777319
516,100.0,771715.0,907900.0,12332.01,72,296,2017-04-29 09:11:11.875646,2017-04-29 09:11:11.915323
517,100.0,726920.0,855200.0,11616.18,86,297,2017-04-29 09:11:12.004541,2017-04-29 09:11:12.036468
518,100.0,810163.0,1006800.0,12946.4,15,298,2017-04-29 09:11:12.117883,2017-04-29 09:11:12.149241
519,50.0,407490.0,479400.0,6511.69,99,299,2017-04-29 09:11:12.239192,2017-04-29 09:11:12.365368
520,50.0,407490.0,479400.0,6511.69,54,299,2017-04-29 09:11:12.329905,2017-04-29 09:11:12.366807
524,100.0,550414.8,643760.0,8795.63,36,301,2017-04-29 09:11:12.745357,2017-04-29 09:11:12.778202
525,100.0,1166059.2,1534288.0,16441.43,27,302,2017-04-29 09:11:12.861435,2017-04-29 09:11:12.895223
526,75.0,544361.25,640425.0,8698.89,81,303,2017-04-29 09:11:12.981679,2017-04-29 09:11:13.193503
527,12.5,90726.88,106737.5,1449.82,76,303,2017-04-29 09:11:13.062428,2017-04-29 09:11:13.195067
528,12.5,90726.88,106737.5,1449.82,57,303,2017-04-29 09:11:13.14501,2017-04-29 09:11:13.196554
529,50.0,382627.5,450150.0,6114.39,99,304,2017-04-29 09:11:13.279978,2017-04-29 09:11:13.390999
530,50.0,382627.5,450150.0,6114.39,54,304,2017-04-29 09:11:13.358719,2017-04-29 09:11:13.39245
531,100.0,753355.0,886300.0,12038.61,72,305,2017-04-29 09:11:13.47792,2017-04-29 09:11:13.514553
532,50.0,206770.0,224750.0,2332.37,39,306,2017-04-29 09:11:13.593507,2017-04-29 09:11:13.826378
533,25.0,103385.0,112375.0,1166.18,7,306,2017-04-29 09:11:13.672401,2017-04-29 09:11:13.828262
534,25.0,103385.0,112375.0,1166.18,31,306,2017-04-29 09:11:13.762544,2017-04-29 09:11:13.830282
535,100.0,1370200.0,2108000.0,32199.7,30,307,2017-04-29 09:11:13.915397,2017-04-29 09:11:13.952859
536,12.5,68908.73,80595.0,1101.16,28,308,2017-04-29 09:11:14.043498,2017-04-29 09:11:14.364259
537,12.5,68908.73,80595.0,1101.16,2,308,2017-04-29 09:11:14.128007,2017-04-29 09:11:14.365781
538,37.5,206726.18,241785.0,3303.48,11,308,2017-04-29 09:11:14.220736,2017-04-29 09:11:14.367253
539,37.5,206726.18,241785.0,3303.48,6,308,2017-04-29 09:11:14.322401,2017-04-29 09:11:14.368615
544,90.0,645048.0,758880.0,10307.87,72,310,2017-04-29 09:11:14.84396,2017-04-29 09:11:14.962997
545,10.0,71672.0,84320.0,1145.32,100,310,2017-04-29 09:11:14.928839,2017-04-29 09:11:14.964453
548,50.0,229500.0,255000.0,1721.31,33,312,2017-04-29 09:11:15.248562,2017-04-29 09:11:15.383417
549,50.0,229500.0,255000.0,1721.31,50,312,2017-04-29 09:11:15.334898,2017-04-29 09:11:15.384839
550,50.0,229500.0,255000.0,1721.31,29,313,2017-04-29 09:11:15.464683,2017-04-29 09:11:15.577492
551,50.0,229500.0,255000.0,1721.31,37,313,2017-04-29 09:11:15.542496,2017-04-29 09:11:15.579351
552,100.0,457020.0,527800.0,4295.99,37,314,2017-04-29 09:11:15.660028,2017-04-29 09:11:15.693657
553,100.0,457180.0,560800.0,4297.49,97,315,2017-04-29 09:11:15.772776,2017-04-29 09:11:15.81578
554,37.5,217365.45,245535.0,3473.5,17,316,2017-04-29 09:11:15.89604,2017-04-29 09:11:16.18911
555,37.5,217365.45,245535.0,3473.5,87,316,2017-04-29 09:11:15.974367,2017-04-29 09:11:16.190823
556,12.5,72455.15,81845.0,1157.83,4,316,2017-04-29 09:11:16.052824,2017-04-29 09:11:16.192989
557,12.5,72455.15,81845.0,1157.83,3,316,2017-04-29 09:11:16.132847,2017-04-29 09:11:16.194695
558,100.0,580081.2,666760.0,9269.7,30,317,2017-04-29 09:11:16.281023,2017-04-29 09:11:16.367421
559,12.5,73854.9,86380.0,1180.2,2,318,2017-04-29 09:11:16.503589,2017-04-29 09:11:16.908647
560,12.5,73854.9,86380.0,1180.2,28,318,2017-04-29 09:11:16.604671,2017-04-29 09:11:16.911479
561,37.5,221564.7,259140.0,3540.6,20,318,2017-04-29 09:11:16.707743,2017-04-29 09:11:16.914555
562,37.5,221564.7,259140.0,3540.6,8,318,2017-04-29 09:11:16.807919,2017-04-29 09:11:16.917348
563,100.0,273240.0,297000.0,1797.92,31,319,2017-04-29 09:11:17.027375,2017-04-29 09:11:17.086987
564,100.0,603432.0,704800.0,5672.26,37,320,2017-04-29 09:11:17.247827,2017-04-29 09:11:17.30219
565,100.0,651840.0,651840.0,7352.76,82,321,2017-04-29 09:11:17.401755,2017-04-29 09:11:17.459564
566,100.0,422556.0,459300.0,3972.03,31,322,2017-04-29 09:11:17.592311,2017-04-29 09:11:17.712187
567,100.0,704880.0,801000.0,9938.81,31,323,2017-04-29 09:11:17.799928,2017-04-29 09:11:17.857377
570,50.0,201375.0,223750.0,1892.93,75,326,2017-04-29 09:11:18.224525,2017-04-29 09:11:18.359845
571,50.0,201375.0,223750.0,1892.93,37,326,2017-04-29 09:11:18.311856,2017-04-29 09:11:18.361812
572,100.0,741526.0,904300.0,11849.59,57,327,2017-04-29 09:11:18.449928,2017-04-29 09:11:18.501454
573,100.0,704544.0,859200.0,11258.61,57,328,2017-04-29 09:11:18.597599,2017-04-29 09:11:18.633751
574,100.0,708644.0,864200.0,11324.13,57,329,2017-04-29 09:11:18.729666,2017-04-29 09:11:18.770904
575,100.0,696344.0,849200.0,11127.58,57,330,2017-04-29 09:11:18.855662,2017-04-29 09:11:18.901612
576,100.0,733326.0,894300.0,11718.55,57,331,2017-04-29 09:11:18.993151,2017-04-29 09:11:19.049194
577,100.0,734966.0,896300.0,11744.76,57,332,2017-04-29 09:11:19.184541,2017-04-29 09:11:19.259714
578,100.0,725126.0,884300.0,11587.51,57,333,2017-04-29 09:11:19.377239,2017-04-29 09:11:19.427615
579,100.0,588258.0,713040.0,9400.36,57,334,2017-04-29 09:11:19.528533,2017-04-29 09:11:19.591316
580,100.0,583308.0,707040.0,9321.26,57,335,2017-04-29 09:11:19.697299,2017-04-29 09:11:19.74281
581,100.0,584958.0,709040.0,9347.63,57,336,2017-04-29 09:11:19.839363,2017-04-29 09:11:19.893757
582,100.0,599808.0,727040.0,9584.93,57,337,2017-04-29 09:11:20.002119,2017-04-29 09:11:20.047997
583,100.0,584958.0,709040.0,9347.63,57,338,2017-04-29 09:11:20.147999,2017-04-29 09:11:20.209824
584,100.0,599808.0,727040.0,9584.93,57,339,2017-04-29 09:11:20.325515,2017-04-29 09:11:20.540159
585,100.0,589984.2,690040.0,9427.95,87,340,2017-04-29 09:11:20.814008,2017-04-29 09:11:20.875206
586,100.0,589984.2,690040.0,9427.95,87,341,2017-04-29 09:11:20.984435,2017-04-29 09:11:21.059629
587,100.0,614779.2,719040.0,9824.17,87,342,2017-04-29 09:11:21.229855,2017-04-29 09:11:21.297416
588,100.0,623329.2,729040.0,9960.8,87,343,2017-04-29 09:11:21.42711,2017-04-29 09:11:21.489907
589,100.0,623329.2,729040.0,9960.8,87,344,2017-04-29 09:11:21.586124,2017-04-29 09:11:21.637444
590,100.0,437532.0,513800.0,4112.8,37,345,2017-04-29 09:11:21.725088,2017-04-29 09:11:21.765609
594,70.0,504322.0,593320.0,8059.07,17,347,2017-04-29 09:11:22.186392,2017-04-29 09:11:22.328395
595,30.0,216138.0,254280.0,3453.89,54,347,2017-04-29 09:11:22.274657,2017-04-29 09:11:22.329986
596,50.0,200000.0,210000.0,1500.05,13,348,2017-04-29 09:11:22.423825,2017-04-29 09:11:22.653166
597,25.0,100000.0,105000.0,750.03,29,348,2017-04-29 09:11:22.51485,2017-04-29 09:11:22.654582
598,25.0,100000.0,105000.0,750.03,31,348,2017-04-29 09:11:22.612343,2017-04-29 09:11:22.656163
599,25.0,180115.0,211900.0,2878.24,20,349,2017-04-29 09:11:22.736839,2017-04-29 09:11:23.00593
600,37.5,270172.5,317850.0,4317.36,2,349,2017-04-29 09:11:22.817185,2017-04-29 09:11:23.009171
601,37.5,270172.5,317850.0,4317.36,28,349,2017-04-29 09:11:22.898793,2017-04-29 09:11:23.013042
602,100.0,400000.0,420000.0,3000.1,33,350,2017-04-29 09:11:23.104667,2017-04-29 09:11:23.148837
603,50.0,316262.5,363520.0,5053.87,8,351,2017-04-29 09:11:23.244479,2017-04-29 09:11:23.59221
604,25.0,158131.25,181760.0,2526.94,20,351,2017-04-29 09:11:23.378051,2017-04-29 09:11:23.593999
605,12.5,79065.63,90880.0,1263.47,2,351,2017-04-29 09:11:23.456233,2017-04-29 09:11:23.596399
606,12.5,79065.63,90880.0,1263.47,28,351,2017-04-29 09:11:23.540485,2017-04-29 09:11:23.598421
608,50.0,234500.0,260000.0,1758.81,50,353,2017-04-29 09:11:23.828091,2017-04-29 09:11:23.944698
609,50.0,234500.0,260000.0,1758.81,13,353,2017-04-29 09:11:23.906727,2017-04-29 09:11:23.946177
610,100.0,469700.0,520700.0,3522.87,33,354,2017-04-29 09:11:24.027831,2017-04-29 09:11:24.062213
611,50.0,249810.0,288400.0,2348.21,26,355,2017-04-29 09:11:24.142311,2017-04-29 09:11:24.340955
612,25.0,124905.0,144200.0,1174.11,33,355,2017-04-29 09:11:24.220397,2017-04-29 09:11:24.342996
613,25.0,124905.0,144200.0,1174.11,63,355,2017-04-29 09:11:24.298683,2017-04-29 09:11:24.34497
614,100.0,554689.8,648760.0,8863.94,101,356,2017-04-29 09:11:24.433363,2017-04-29 09:11:24.484338
615,100.0,449232.0,526800.0,4222.78,102,357,2017-04-29 09:11:24.574388,2017-04-29 09:11:24.618993
616,50.0,312519.5,365520.0,4994.06,62,358,2017-04-29 09:11:24.69997,2017-04-29 09:11:24.813378
617,50.0,312519.5,365520.0,4994.06,49,358,2017-04-29 09:11:24.778144,2017-04-29 09:11:24.814999
618,50.0,312519.5,365520.0,4994.06,62,359,2017-04-29 09:11:24.904659,2017-04-29 09:11:25.031612
619,50.0,312519.5,365520.0,4994.06,49,359,2017-04-29 09:11:24.98465,2017-04-29 09:11:25.033574
620,75.0,214935.0,233625.0,2020.39,29,360,2017-04-29 09:11:25.123908,2017-04-29 09:11:25.244805
621,25.0,71645.0,77875.0,673.46,7,360,2017-04-29 09:11:25.212724,2017-04-29 09:11:25.246501
622,50.0,312519.5,365520.0,4994.06,62,361,2017-04-29 09:11:25.327591,2017-04-29 09:11:25.44438
623,50.0,312519.5,365520.0,4994.06,49,361,2017-04-29 09:11:25.408467,2017-04-29 09:11:25.445802
624,10.0,30360.0,31300.0,285.38,35,362,2017-04-29 09:11:25.526132,2017-04-29 09:11:25.555538
626,100.0,707840.0,896000.0,11311.28,3,364,2017-04-29 09:11:25.742275,2017-04-29 09:11:25.77243
629,25.0,114750.0,127500.0,860.65,7,366,2017-04-29 09:11:26.048129,2017-04-29 09:11:26.167932
630,75.0,344250.0,382500.0,2581.96,50,366,2017-04-29 09:11:26.128307,2017-04-29 09:11:26.169896
