id,unit_no,size,nett_price,spa_price,comm,sale_id,project_id,created_at,updated_at
467,26-12,,0.0,0.0,0.0,,7,2017-05-29 15:24:46.681371,2017-05-29 15:24:46.699184
1,C-27-01,1434,741370.0,872200.0,11847.09,,1,2017-04-29 09:10:10.100492,2017-04-29 09:10:10.131252
479,26-12,411,609649.0,713040.0,9742.19102,,7,2017-05-31 02:50:49.296214,2017-05-31 02:50:49.296214
488,Q13-2,850,283360.0,308000.0,2663.584,,20,2017-06-01 07:53:39.877507,2017-06-01 07:53:39.903401
2,C-27-3A,1434,753270.0,886200.0,12037.25,,1,2017-04-29 09:10:10.503788,2017-04-29 09:10:10.525839
491,A-11-7,1400,1637700.0,1819560.0,15394.38,,18,2017-06-01 10:04:19.099841,2017-06-01 10:04:19.109379
3,A-43-5,850,448000.0,448000.0,3360.12,,2,2017-04-29 09:10:10.648429,2017-04-29 09:10:10.669403
493,A-16-03,726,390280.0,443500.0,3668.632,,14,2017-06-02 05:50:35.018298,2017-06-02 05:50:35.018298
495,N2-01,850,626560.0,712000.0,8834.496,,9,2017-06-02 10:29:04.935198,2017-06-02 10:29:04.954092
4,B-23A-3A,1262,714510.0,840600.0,11417.87,,1,2017-04-29 09:10:10.945322,2017-04-29 09:10:10.96644
496,N2-01,1150,626560.0,712000.0,8834.496,,9,2017-06-03 09:18:22.705392,2017-06-03 09:18:22.736487
5,C-12-03,647,638100.0,709000.0,14995.35,,3,2017-04-29 09:10:11.167269,2017-04-29 09:10:11.18505
498,18-15,384,578341.2,664760.0,9241.892376,,7,2017-06-03 10:22:25.85992,2017-06-03 10:22:25.883394
500,N-33-3,1155,727760.0,827000.0,10261.416,,9,2017-06-04 07:12:18.446847,2017-06-04 07:12:18.477006
6,A-20-01,2616,3157440.0,3289000.0,29679.94,,4,2017-04-29 09:10:11.547454,2017-04-29 09:10:11.566714
505,S2-29-8,836,597445.2,659548.0,2807.99244,,24,2017-06-04 10:31:39.73767,2017-06-04 10:31:39.750395
7,A-17-11,850,448000.0,448000.0,3360.12,,2,2017-04-29 09:10:11.677278,2017-04-29 09:10:11.699968
8,B-27-6,850,430000.0,430000.0,3225.11,,2,2017-04-29 09:10:11.897405,2017-04-29 09:10:11.918416
9,C-13-3A,1434,733720.0,863200.0,11724.85,,1,2017-04-29 09:10:12.03678,2017-04-29 09:10:12.059643
10,3-13-13A,1335,1360620.0,1511800.0,19184.74,,5,2017-04-29 09:10:12.165393,2017-04-29 09:10:12.188125
11,A-17-12,1000,466800.0,517800.0,3501.12,,6,2017-04-29 09:10:12.296029,2017-04-29 09:10:12.320438
12,D-15-09,1246,703885.0,828100.0,11248.08,,1,2017-04-29 09:10:12.501306,2017-04-29 09:10:12.517996
13,B-26-08,1219,693771.0,868300.0,11086.46,,1,2017-04-29 09:10:12.70666,2017-04-29 09:10:12.734466
14,A-19-6,1050,488200.0,542444.0,3661.63,,6,2017-04-29 09:10:12.850218,2017-04-29 09:10:12.877029
15,A-38-3A,882,903600.0,1004000.0,21234.6,,3,2017-04-29 09:10:13.223364,2017-04-29 09:10:13.243556
16,D-33A-09,1398,735335.0,865100.0,11750.65,,1,2017-04-29 09:10:13.452191,2017-04-29 09:10:13.475118
17,25-06,578,818350.0,940633.0,13077.23,,7,2017-04-29 09:10:13.761756,2017-04-29 09:10:13.786561
18,13-17,384,514518.48,612522.0,8222.01,,7,2017-04-29 09:10:13.920674,2017-04-29 09:10:13.94452
19,A-18-10,1000,467500.0,516111.0,3506.37,,6,2017-04-29 09:10:14.144126,2017-04-29 09:10:14.16724
363,A-7-3,701,746300.0,878000.0,28060.88,,22,2017-05-05 16:45:49.059906,2017-05-05 16:45:49.205913
20,B-30-19,1000,479200.0,479200.0,3594.12,,6,2017-04-29 09:10:14.416309,2017-04-29 09:10:14.473921
468,C-36-06,1219,755055.0,888300.0,12065.7789,,1,2017-05-30 03:35:38.784618,2017-05-30 03:35:38.784618
21,J-02-03,1215,915178.4,1143973.0,12904.02,,8,2017-04-29 09:10:14.630876,2017-04-29 09:10:14.655821
481,B-29-3A,1000,469000.0,520000.0,3526.88,,6,2017-05-31 08:32:44.844056,2017-05-31 08:32:44.886805
22,J-05-01,2065,1493794.4,1867243.0,21062.5,,8,2017-04-29 09:10:14.768159,2017-04-29 09:10:14.792066
489,A-11-7,1400,1637700.0,1819560.0,15394.38,,18,2017-06-01 10:01:54.623365,2017-06-01 10:01:54.635511
352,B-13-6,1000,459000.0,510000.0,3442.62,,6,2017-05-05 16:45:39.571558,2017-05-05 16:45:39.679265
23,J-01-03,1215,912854.4,1141068.0,12871.25,,8,2017-04-29 09:10:14.984211,2017-04-29 09:10:15.007241
494,A-20-03,726,392040.0,445500.0,3685.176,,14,2017-06-02 05:52:17.23907,2017-06-02 05:52:17.23907
24,A-13A-3A,1000,459000.0,510000.0,3442.62,,6,2017-04-29 09:10:15.463614,2017-04-29 09:10:15.485164
497,B-31-7,1000,479200.0,530200.0,3603.584,,6,2017-06-03 09:22:34.50722,2017-06-03 09:22:34.530668
353,C-38-01,1403,721656.0,903200.0,11532.06,,1,2017-05-05 16:45:40.197663,2017-05-05 16:45:40.326591
25,A-23A-3A,1000,459000.0,510000.0,3442.62,,6,2017-04-29 09:10:15.584739,2017-04-29 09:10:15.603601
499,A-23-09,1219,728875.0,857500.0,11647.4225,,1,2017-06-03 15:56:56.066472,2017-06-03 15:56:56.087265
26,J-19-01,2065,1639100.8,2048876.0,23111.32,,8,2017-04-29 09:10:15.707428,2017-04-29 09:10:15.725675
354,B-08-05,1403,709591.0,888100.0,11339.26,,1,2017-05-05 16:45:40.810186,2017-05-05 16:45:40.930532
501,L-13-9,1055,486732.0,566800.0,4575.2808,,10,2017-06-04 07:15:37.459362,2017-06-04 07:15:37.476603
27,J-06-02,1377,1135943.2,1419929.0,16016.8,,8,2017-04-29 09:10:15.838585,2017-04-29 09:10:15.868263
503,L34-03,947,454744.0,532800.0,4274.5936,,10,2017-06-04 08:52:32.42859,2017-06-04 08:52:32.441154
355,20-11,411,599389.0,701040.0,9578.24,,7,2017-05-05 16:45:41.79806,2017-05-05 16:45:41.889611
28,A-25-6,1050,492600.0,546210.0,3694.63,,6,2017-04-29 09:10:16.046918,2017-04-29 09:10:16.065367
507,S1-20-10,753,501451.2,557168.0,2356.82064,,24,2017-06-04 10:37:30.169029,2017-06-04 10:37:30.180549
29,A-35-3A,882,888300.0,987000.0,20875.05,,3,2017-04-29 09:10:16.17586,2017-04-29 09:10:16.193486
356,B-26-08,384,581821.2,668760.0,9297.5,,7,2017-05-05 16:45:42.375364,2017-05-05 16:45:42.498267
30,N-28-5,1155,714560.0,812000.0,10075.3,,9,2017-04-29 09:10:16.385285,2017-04-29 09:10:16.40817
31,N-13-2,1155,685520.0,779000.0,9665.83,,9,2017-04-29 09:10:16.537672,2017-04-29 09:10:16.560108
357,B-23-3,1000,469000.0,520000.0,3517.62,,6,2017-05-05 16:45:44.471723,2017-05-05 16:45:44.733879
32,N-9-8,1155,493680.0,561000.0,6960.89,,9,2017-04-29 09:10:16.653729,2017-04-29 09:10:16.669965
358,C-16-17,900,400000.0,420000.0,3000.1,,12,2017-05-05 16:45:45.359468,2017-05-05 16:45:45.452261
33,N-15-2,1155,688160.0,782000.0,9703.06,,9,2017-04-29 09:10:16.764953,2017-04-29 09:10:16.780727
34,N-33-3,1155,715440.0,813000.0,10087.7,,9,2017-04-29 09:10:16.956236,2017-04-29 09:10:16.972749
359,13A-09,384,551270.0,644760.0,8809.29,,7,2017-05-05 16:45:46.036125,2017-05-05 16:45:46.097612
35,N-11-5,1155,687280.0,781000.0,9690.65,,9,2017-04-29 09:10:17.161141,2017-04-29 09:10:17.177907
36,N-31-3,1155,712800.0,810000.0,10050.48,,9,2017-04-29 09:10:17.37293,2017-04-29 09:10:17.391922
360,B-9-3,1000,461900.0,512900.0,3464.37,,6,2017-05-05 16:45:46.773581,2017-05-05 16:45:46.885651
37,N-27-1,1155,716320.0,814000.0,10100.11,,9,2017-04-29 09:10:17.58619,2017-04-29 09:10:17.603381
361,B-23-3A,1000,469000.0,520000.0,3517.62,,6,2017-05-05 16:45:47.694011,2017-05-05 16:45:47.850736
38,A-13-3A,1000,464700.0,515700.0,3485.37,,6,2017-04-29 09:10:18.028816,2017-04-29 09:10:18.0521
362,C 10-7,900,400000.0,420000.0,3000.1,,12,2017-05-05 16:45:48.401697,2017-05-05 16:45:48.561788
364,L34-03,947,450132.0,527800.0,4231.24,,10,2017-05-05 16:45:49.600861,2017-05-05 16:45:49.689311
365,B-36-8,850,43000.0,43000.0,322.51,,2,2017-05-05 16:45:50.776532,2017-05-05 16:45:50.85497
39,N-13-6,1155,657360.0,747000.0,9268.78,,9,2017-04-29 09:10:18.165734,2017-04-29 09:10:18.186645
346,N-27-6,1155,671440.0,763000.0,9467.304,,9,2017-04-30 11:58:16.941777,2017-04-30 11:58:16.982835
469,26-12,411,0.0,0.0,0.0,,7,2017-05-30 11:07:27.097321,2017-05-30 11:07:27.097321
40,N-20-6,1155,665280.0,756000.0,9380.45,,9,2017-04-29 09:10:18.284485,2017-04-29 09:10:18.302099
366,C-22-07,1219,731255.0,860300.0,11685.45,,1,2017-05-05 16:45:51.187848,2017-05-05 16:45:51.223961
41,N-29-6,1155,673200.0,765000.0,9492.12,,9,2017-04-29 09:10:18.402985,2017-04-29 09:10:18.429487
482,25-05,578,856578.0,990140.0,13688.11644,,7,2017-05-31 08:42:11.783613,2017-05-31 08:42:11.783613
42,N-8-7,1155,653840.0,743000.0,9219.14,,9,2017-04-29 09:10:18.539901,2017-04-29 09:10:18.560348
367,Q-15-11,850,283360.0,308000.0,2663.58,,20,2017-05-05 16:45:51.39133,2017-05-05 16:45:51.470939
485,B-25-06,1525,798575.0,939500.0,12761.2285,,1,2017-05-31 10:03:38.759818,2017-05-31 10:03:38.759818
43,N-13-7,1155,657360.0,747000.0,9268.78,,9,2017-04-29 09:10:18.74806,2017-04-29 09:10:18.769426
490,18-3A,1650,2010500.0,2185360.0,11339.22,,16,2017-06-01 10:03:14.486838,2017-06-01 10:03:14.495285
502,23-10,384,566659.8,662760.0,9055.223604,,7,2017-06-04 07:33:17.892919,2017-06-04 07:33:17.907618
44,N-35-2,1155,717200.0,815000.0,10112.52,,9,2017-04-29 09:10:18.876599,2017-04-29 09:10:18.894734
45,N-10-7,1155,655600.0,745000.0,9243.96,,9,2017-04-29 09:10:19.152821,2017-04-29 09:10:19.168477
46,36-3A,1155,689040.0,783000.0,9715.46,,9,2017-04-29 09:10:19.369806,2017-04-29 09:10:19.391251
47,N27-06,1155,671440.0,763000.0,9467.3,,9,2017-04-29 09:10:19.503722,2017-04-29 09:10:19.518924
48,N2-01,1155,626560.0,712000.0,8834.5,,9,2017-04-29 09:10:19.616013,2017-04-29 09:10:19.636223
49,09-07,384,529588.14,608722.0,8462.82,,7,2017-04-29 09:10:19.733437,2017-04-29 09:10:19.753445
50,B-2-11,1050,492200.0,545750.0,3691.63,,6,2017-04-29 09:10:19.927793,2017-04-29 09:10:19.943742
51,N-28-7,1155,763200.0,765000.0,10761.12,,9,2017-04-29 09:10:20.119958,2017-04-29 09:10:20.136917
52,N-26-3A,1155,706640.0,803000.0,9963.62,,9,2017-04-29 09:10:20.318213,2017-04-29 09:10:20.339657
53,N-8-1,1155,684640.0,778000.0,9653.42,,9,2017-04-29 09:10:20.525702,2017-04-29 09:10:20.543679
54,N-15-5,1155,693440.0,788000.0,9777.5,,9,2017-04-29 09:10:20.6574,2017-04-29 09:10:20.679928
55,N-12-3,1155,685520.0,779000.0,9665.83,,9,2017-04-29 09:10:20.873852,2017-04-29 09:10:20.895383
56,N-10-6,1155,655600.0,745000.0,9243.96,,9,2017-04-29 09:10:21.097848,2017-04-29 09:10:21.119471
57,N36-3,1155,689040.0,783000.0,9715.46,,9,2017-04-29 09:10:21.230551,2017-04-29 09:10:21.258595
58,N-32-6,1155,677600.0,770000.0,9554.16,,9,2017-04-29 09:10:21.446531,2017-04-29 09:10:21.467078
470,19-13,411,0.0,0.0,0.0,,7,2017-05-30 11:11:45.256733,2017-05-30 11:11:45.268956
59,N -17-7,1155,661760.0,752000.0,9330.82,,9,2017-04-29 09:10:21.648504,2017-04-29 09:10:21.673258
472,26-10,384,581821.2,668760.0,9297.502776,,7,2017-05-30 11:24:58.671579,2017-05-30 11:24:58.678695
476,19-13,411,597679.0,699040.0,9550.91042,,7,2017-05-30 12:00:43.174283,2017-05-30 12:00:43.174283
60,N-33-6,1155,677600.0,770000.0,9554.16,,9,2017-04-29 09:10:21.777613,2017-04-29 09:10:21.80233
483,A-13-06,1391,1337050.0,2057000.0,31420.675,,17,2017-05-31 08:50:54.166159,2017-05-31 08:50:54.166159
61,N-34-5,1155,722480.0,821000.0,10186.97,,9,2017-04-29 09:10:21.903178,2017-04-29 09:10:21.918684
371,21-09,384,563239.0,658760.0,9000.55922,,7,2017-05-06 16:58:08.22253,2017-05-06 16:58:08.239815
492,25-13A,384,580081.2,666760.0,9269.697576,,7,2017-06-01 14:00:42.400537,2017-06-01 14:00:42.483142
62,N-36-3A,1155,689040.0,783000.0,9715.46,,9,2017-04-29 09:10:22.014583,2017-04-29 09:10:22.040367
379,11-11,1600,900000.0,1000000.0,12690.0,,8,2017-05-09 00:21:32.636098,2017-05-09 00:21:32.739342
63,N-6-2,1155,651200.0,740000.0,9181.92,,9,2017-04-29 09:10:22.324511,2017-04-29 09:10:22.346868
380,Q16-17,850,273240.0,297000.0,2568.456,,20,2017-05-09 10:35:03.355004,2017-05-09 10:35:03.390994
64,N5-3,1155,651200.0,740000.0,9181.92,,9,2017-04-29 09:10:22.48591,2017-04-29 09:10:22.508347
382,B 16-3,1000,462350.0,516500.0,3476.872,,6,2017-05-10 04:52:01.674808,2017-05-10 04:52:01.718366
385,A-12-05,1403,764235.0,899100.0,12212.4753,,1,2017-05-10 09:41:42.125077,2017-05-10 09:41:42.145918
65,N9-2,1155,679360.0,772000.0,9578.98,,9,2017-04-29 09:10:22.612914,2017-04-29 09:10:22.636024
504,S2-28-8,836,597445.2,663828.0,2807.99244,,24,2017-06-04 10:29:09.031066,2017-06-04 10:29:09.047595
390,13-05,578,827759.7,1064000.0,13227.600006,,7,2017-05-12 10:28:21.417856,2017-05-12 10:28:21.446686
66,N4-1,1155,648560.0,737000.0,9144.7,,9,2017-04-29 09:10:22.745136,2017-04-29 09:10:22.769195
392,20-3A,578,838019.7,1076000.0,13391.554806,,7,2017-05-12 10:34:08.246189,2017-05-12 10:34:08.246189
67,N12-6,1155,657360.0,747000.0,9268.78,,9,2017-04-29 09:10:22.890906,2017-04-29 09:10:22.913631
393,A-32-10,1403,790480.0,964000.0,12631.8704,,1,2017-05-13 07:13:57.059192,2017-05-13 07:13:57.093385
400,B-25-06,,798575.0,939500.0,12761.2285,,1,2017-05-14 11:52:35.985317,2017-05-14 11:52:35.999432
68,N-8-3,1155,679360.0,772000.0,9578.98,,9,2017-04-29 09:10:23.106137,2017-04-29 09:10:23.128799
411,D-28-09,1219,680827.9,852100.0,10879.629842,,1,2017-05-16 14:03:04.32825,2017-05-16 14:03:04.32825
69,L34-1,947,490320.0,544800.0,4609.01,,10,2017-04-29 09:10:23.237395,2017-04-29 09:10:23.263671
424,J-23-01,2065,1671783.2,2089729.0,23572.14312,,8,2017-05-20 07:38:08.593894,2017-05-20 07:38:08.593894
427,13-08,384,551269.0,644760.0,8809.27862,,7,2017-05-21 07:15:18.036378,2017-05-21 07:15:18.171698
70,N32-1,947,487620.0,541800.0,4583.63,,10,2017-04-29 09:10:23.368229,2017-04-29 09:10:23.384984
433,Q7-18,850,293480.0,319000.0,2758.712,,20,2017-05-22 11:39:06.646218,2017-05-22 11:39:06.6595
71,A-33A-3A,882,885600.0,984000.0,20811.6,,3,2017-04-29 09:10:23.56782,2017-04-29 09:10:23.584039
435,Q15-19,850,283360.0,308000.0,2663.584,,20,2017-05-23 11:57:47.271004,2017-05-23 11:57:47.300237
443,B-19-05,1200,1107100.0,1313340.0,10406.74,,18,2017-05-25 07:00:10.167474,2017-05-25 07:00:10.193864
72,N-30-3A,1155,713000.0,810000.0,10053.3,,9,2017-04-29 09:10:23.873505,2017-04-29 09:10:23.890897
447,K-32-03A,1603,1438824.0,1798530.0,20287.4184,,8,2017-05-26 05:42:30.873542,2017-05-26 05:42:30.900645
73,N-35-3A,1155,717200.0,815000.0,10112.52,,9,2017-04-29 09:10:24.176884,2017-04-29 09:10:24.193157
448,A-41-12,850,448000.0,460000.0,3368.96,,2,2017-05-27 09:44:25.601111,2017-05-27 09:44:25.650352
466,A-3A-3A,1000,459000.0,510000.0,3451.68,,6,2017-05-29 14:53:33.124425,2017-05-29 14:53:33.179232
74,N-26-6,1155,706640.0,803000.0,9963.62,,9,2017-04-29 09:10:24.39157,2017-04-29 09:10:24.409287
512,C-9-8,1219,728195.0,856700.0,11636.5561,,1,2017-06-04 16:18:53.287656,2017-06-04 16:18:53.302315
75,N-26-2,1155,706640.0,803000.0,9963.62,,9,2017-04-29 09:10:24.585296,2017-04-29 09:10:24.604082
76,N-36-6,1155,656480.0,746000.0,9256.37,,9,2017-04-29 09:10:24.721661,2017-04-29 09:10:24.73848
77,C-36-3,850,460000.0,460000.0,3450.12,,2,2017-04-29 09:10:24.839303,2017-04-29 09:10:24.867771
78,A-13A-06,1930,1270458.0,1512450.0,20301.91884,,11,2017-04-29 09:10:24.977296,2017-04-29 09:10:25.022001
369,B-17-9,850,430000.0,460000.0,3233.6,,2,2017-05-06 05:22:42.854236,2017-05-06 05:22:42.883616
372,21-08,384,563239.0,658760.0,9000.55922,,7,2017-05-06 17:02:42.646663,2017-05-06 17:02:42.685248
79,N-24-2,1155,672232.0,799000.0,9478.47,,9,2017-04-29 09:10:25.221988,2017-04-29 09:10:25.251048
471,23A-08,,0.0,0.0,0.0,,7,2017-05-30 11:24:12.481303,2017-05-30 11:24:12.604632
377,33-09,384,594001.0,682760.0,9492.13598,,7,2017-05-08 06:54:30.370872,2017-05-08 06:54:30.398662
80,N-2-2,1155,597672.0,712000.0,8427.18,,9,2017-04-29 09:10:25.450733,2017-04-29 09:10:25.477106
381,C-37-10,850,460000.0,460000.0,3459.2,,2,2017-05-09 10:38:43.977738,2017-05-09 10:38:44.196508
383,L 24-2,1055,495544.0,579800.0,4658.1136,,10,2017-05-10 08:07:06.045828,2017-05-10 08:07:06.143074
81,15-6,1155,659120.0,749000.0,9293.59,,9,2017-04-29 09:10:25.592934,2017-04-29 09:10:25.613641
90,A-8-1,1286,1145700.0,1273000.0,26923.95,,3,2017-04-29 09:10:27.256134,2017-04-29 09:10:27.289118
89,A-37-6,823,840600.0,934000.0,19754.1,,3,2017-04-29 09:10:27.124958,2017-04-29 09:10:27.149254
82,N6-6,1155,651200.0,740000.0,9181.92,,9,2017-04-29 09:10:25.723945,2017-04-29 09:10:25.747355
391,20-3A,578,838019.7,1076000.0,13391.554806,,7,2017-05-12 10:30:43.434351,2017-05-12 10:30:43.456725
83,L26-1,947,482220.0,535800.0,4532.87,,10,2017-04-29 09:10:25.85491,2017-04-29 09:10:25.878787
394,C-27-3A,1434,726684.0,886200.0,11612.41032,,1,2017-05-13 07:17:43.069486,2017-05-13 07:17:43.080095
401,B-25-06,,798575.0,939500.0,12761.2285,,1,2017-05-14 11:58:13.28164,2017-05-14 11:58:13.29156
84,C-9-2,850,460000.0,460000.0,3450.12,,2,2017-04-29 09:10:25.986025,2017-04-29 09:10:26.00249
412,13A-09,,552124.8,645760.0,8822.954304,,7,2017-05-16 14:20:45.118187,2017-05-16 14:20:45.132448
85,N-4-6,1155,648560.0,737000.0,9144.7,,9,2017-04-29 09:10:26.174917,2017-04-29 09:10:26.191836
425,12-3A,1161,614770.0,664770.0,4623.0704,,23,2017-05-20 07:55:21.686344,2017-05-20 07:55:21.686344
428,N36-3,1155,689040.0,783000.0,9715.464,,9,2017-05-21 09:39:29.462578,2017-05-21 09:39:29.484486
86,L31-03,947,486720.0,540800.0,4575.17,,10,2017-04-29 09:10:26.297211,2017-04-29 09:10:26.319103
434,13-02,578,827759.7,968140.0,13227.600006,,7,2017-05-22 13:16:47.707344,2017-05-22 13:16:47.719235
87,N5-7,1155,651200.0,740000.0,9181.92,,9,2017-04-29 09:10:26.607074,2017-04-29 09:10:26.626987
436,Q15-19,850,283360.0,308000.0,2663.584,,20,2017-05-23 11:57:51.847745,2017-05-23 11:57:51.867564
444,B-19-5,1200,1107100.0,1313340.0,10406.74,,18,2017-05-25 07:03:53.534789,2017-05-25 07:03:53.577709
88,B-27-9,850,430000.0,430000.0,3225.11,,2,2017-04-29 09:10:26.971103,2017-04-29 09:10:26.995667
449,A-41-12,850,448000.0,460000.0,3368.96,,2,2017-05-27 09:49:43.129086,2017-05-27 09:49:43.145702
474,23A-08,,555074.0,664760.0,8870.08252,,7,2017-05-30 11:29:33.667371,2017-05-30 11:29:33.667371
451,10-12,411,596854.8,686040.0,9537.739704,,7,2017-05-27 09:50:40.89944,2017-05-27 09:50:40.89944
484,A-13-07,1244,1337050.0,2057000.0,31420.675,,17,2017-05-31 08:53:16.859362,2017-05-31 08:53:16.859362
506,S2-30-8,836,595798.2,661998.0,2800.25154,,24,2017-06-04 10:32:56.410776,2017-06-04 10:32:56.426314
91,B-23-05,1403,771885.0,908100.0,12334.72,,1,2017-04-29 09:10:27.470196,2017-04-29 09:10:27.487668
92,L 23-3,947,478620.0,531800.0,4499.03,,10,2017-04-29 09:10:27.585132,2017-04-29 09:10:27.600532
93,L34-02,1055,527220.0,585800.0,4955.87,,10,2017-04-29 09:10:27.696418,2017-04-29 09:10:27.716378
94,L24-01,947,480420.0,533800.0,4515.95,,10,2017-04-29 09:10:27.815901,2017-04-29 09:10:27.834561
95,L29-03,947,484920.0,538800.0,4558.25,,10,2017-04-29 09:10:27.928473,2017-04-29 09:10:27.944039
96,L21-03,947,477720.0,530800.0,4490.57,,10,2017-04-29 09:10:28.046515,2017-04-29 09:10:28.075717
102,B-22-8,1000,469000.0,520000.0,3526.88,,6,2017-04-29 09:10:29.20467,2017-04-29 09:10:29.229768
97,B-26-1,1050,492000.0,545550.0,3690.13,,6,2017-04-29 09:10:28.17416,2017-04-29 09:10:28.192702
373,B-13A-6,1000,459000.0,510000.0,3451.68,,6,2017-05-07 07:11:49.047769,2017-05-07 07:11:49.182226
98,C-23A-01,1403,729470.0,858200.0,11656.93,,1,2017-04-29 09:10:28.289736,2017-04-29 09:10:28.307029
378,ABCD,111,888888.0,888888.0,12533.3208,,8,2017-05-08 11:06:07.90818,2017-05-08 11:06:07.950976
99,09-13,411,553169.8,650788.0,8839.65,,7,2017-04-29 09:10:28.584487,2017-04-29 09:10:28.60036
473,23A-08,,0.0,0.0,0.0,,7,2017-05-30 11:27:46.666808,2017-05-30 11:27:46.666808
384,13A-08 ,384,561811.2,645760.0,8977.742976,,7,2017-05-10 08:46:15.741884,2017-05-10 08:46:15.768234
100,C-29-08,1219,754545.0,887700.0,12057.63,,1,2017-04-29 09:10:28.713427,2017-04-29 09:10:28.742944
389,L11-9,1000,482044.0,564800.0,4531.2136,,10,2017-05-11 00:49:25.222389,2017-05-11 00:49:25.289137
395,23-17,384,576601.2,662760.0,9214.087176,,7,2017-05-13 11:22:49.572618,2017-05-13 11:22:49.582292
101,D-35-07,1298,737035.0,867100.0,11777.82,,1,2017-04-29 09:10:29.010625,2017-04-29 09:10:29.02619
402,B-3A-2,1000,459000.0,510000.0,3451.68,,6,2017-05-14 12:16:19.385175,2017-05-14 12:16:19.404006
413,B-23A-3,1000,459000.0,510000.0,3451.68,,6,2017-05-17 06:42:09.499873,2017-05-17 06:42:09.509878
426,C-13-13,900,400000.0,420000.0,3008.0,,12,2017-05-20 08:37:32.702315,2017-05-20 08:37:32.750559
103,C-23-19,900,400000.0,420000.0,3000.1,,12,2017-04-29 09:10:29.405992,2017-04-29 09:10:29.423485
429,B-21-3A,1000,469000.0,520000.0,3526.88,,6,2017-05-21 12:38:52.906,2017-05-21 12:38:52.928614
104,C-38-3A,850,460000.0,460000.0,3450.12,,2,2017-04-29 09:10:29.599358,2017-04-29 09:10:29.617584
431,S1-25-10,753,509506.0,566118.0,2394.6782,,24,2017-05-21 15:00:36.546862,2017-05-21 15:00:36.623877
437,Q15-19,850,283360.0,308000.0,2663.584,,20,2017-05-23 11:57:54.043435,2017-05-23 11:57:54.065675
105,A-25-3A,1000,469700.0,520700.0,3522.87,,6,2017-04-29 09:10:29.803708,2017-04-29 09:10:29.82345
438,11-11,1600,800000.0,1000000.0,11280.0,,8,2017-05-23 15:34:33.958585,2017-05-23 15:34:33.988805
106,B-33A-02,1219,731510.0,860600.0,11689.53,,1,2017-04-29 09:10:29.922751,2017-04-29 09:10:29.939036
445,13A-11,411,589984.2,690040.0,9427.947516,,7,2017-05-25 09:34:43.973529,2017-05-25 09:34:43.973529
450,10-12,411,586564.2,686040.0,9373.295916,,7,2017-05-27 09:49:48.862523,2017-05-27 09:49:48.862523
107,A-3A-3A,1000,459000.0,510000.0,3442.62,,6,2017-04-29 09:10:30.109881,2017-04-29 09:10:30.126833
486,Q11-20,850,293480.0,319000.0,2758.712,,20,2017-05-31 15:46:02.079423,2017-05-31 15:46:02.10849
508,C-28-7,957,979200.0,1088000.0,23011.2,,3,2017-06-04 10:58:23.456702,2017-06-04 10:58:23.474352
108,A-10-02,1219,685059.2,822400.0,10947.25,,1,2017-04-29 09:10:30.331017,2017-04-29 09:10:30.352202
109,A-28-06,1403,807075.0,949500.0,12897.06,,1,2017-04-29 09:10:30.458412,2017-04-29 09:10:30.483842
110,B-30-05,1403,783785.0,922100.0,12524.88,,1,2017-04-29 09:10:30.620287,2017-04-29 09:10:30.645571
111,C-36-08,1219,766445.0,901700.0,12247.79,,1,2017-04-29 09:10:30.753585,2017-04-29 09:10:30.772452
112,2-18-7,1100,629600.0,629600.0,4722.16,,13,2017-04-29 09:10:30.912731,2017-04-29 09:10:30.935437
113,L34-3A,1335,637920.0,708800.0,5996.45,,10,2017-04-29 09:10:31.055549,2017-04-29 09:10:31.075722
114,C-32-2,708,734400.0,816000.0,17258.4,,3,2017-04-29 09:10:31.534557,2017-04-29 09:10:31.557139
115,B-13A-03,1219,694110.0,816600.0,11091.88,,1,2017-04-29 09:10:31.76496,2017-04-29 09:10:31.785414
116,C-35-01,1403,748170.0,880200.0,11955.7566,,1,2017-04-29 09:10:32.2142,2017-04-29 09:10:32.245115
475,A-13-05,1347,0.0,0.0,0.0,,17,2017-05-30 11:58:08.854985,2017-05-30 11:58:08.863461
117,B-25-9,850,448000.0,448000.0,3360.12,,2,2017-04-29 09:10:32.374398,2017-04-29 09:10:32.393471
480,A-13-05,1347,1346150.0,2071000.0,31634.525,,17,2017-05-31 03:15:28.49676,2017-05-31 03:15:28.49676
374,B-30-3A,1000,469000.0,520000.0,3526.88,,6,2017-05-07 07:23:43.002065,2017-05-07 16:07:03.243061
118,C-11-3A,1403,725220.0,853200.0,11589.02,,1,2017-04-29 09:10:32.854327,2017-04-29 09:10:32.878023
386,20-05,578,852721.0,980140.0,13626.48158,,7,2017-05-10 13:31:22.214014,2017-05-10 13:31:22.232478
119,C-33A-8,850,460000.0,460000.0,3450.12,,2,2017-04-29 09:10:33.179229,2017-04-29 09:10:33.210488
396,C-23-16,900,400000.0,420000.0,3008.0,,12,2017-05-14 03:00:57.061064,2017-05-14 03:00:57.082987
397,N15-1,1155,718960.0,817000.0,10137.336,,9,2017-05-14 03:12:16.778175,2017-05-14 03:12:16.800165
120,B-17-06,1403,775625.0,912500.0,12394.49,,1,2017-04-29 09:10:33.345126,2017-04-29 09:10:33.372366
398,N17-1,1155,712800.0,810000.0,10050.48,,9,2017-05-14 03:15:48.716804,2017-05-14 03:15:48.736922
121,A-13-03,1219,701590.0,825400.0,11211.41,,1,2017-04-29 09:10:33.481409,2017-04-29 09:10:33.502848
403,B-25-06,1525,798575.0,939500.0,12761.2285,,1,2017-05-14 12:30:21.207203,2017-05-14 12:30:21.207203
414,Q-15-07,850,283360.0,308000.0,2663.584,,20,2017-05-17 10:12:07.376621,2017-05-17 10:12:07.481374
122,A-10-07,1219,712470.0,838200.0,11385.27,,1,2017-04-29 09:10:33.615054,2017-04-29 09:10:33.634869
430,S1-25-9,630,554326.0,615918.0,2605.3322,,24,2017-05-21 14:56:20.859083,2017-05-21 14:56:20.918919
123,L29-01,947,469620.0,521800.0,4414.43,,10,2017-04-29 09:10:33.752241,2017-04-29 09:10:33.772317
439,11-11,1600,800000.0,1000000.0,11280.0,,8,2017-05-23 15:49:14.145254,2017-05-23 15:49:14.170186
440,B-13-6,1000,459000.0,510000.0,3451.68,,6,2017-05-23 16:05:58.716317,2017-05-23 16:05:58.735941
124,B-12-8,1000,464000.0,515000.0,3480.12,,6,2017-04-29 09:10:33.887678,2017-04-29 09:10:33.909712
446,N32-6,1155,689040.0,783000.0,9715.464,,9,2017-05-25 14:40:44.131159,2017-05-25 14:40:44.14657
125,B-28-8,1000,469000.0,469000.0,3517.62,,6,2017-04-29 09:10:34.191282,2017-04-29 09:10:34.208688
452,B-26-8,1000,469000.0,520000.0,3526.88,,6,2017-05-27 09:55:25.651359,2017-05-27 09:55:25.674869
487,Q11-20,850,293480.0,319000.0,2758.712,,20,2017-05-31 15:46:04.755164,2017-05-31 15:46:04.782724
126,B-19-7,1000,467600.0,518600.0,3507.12,,6,2017-04-29 09:10:34.57899,2017-04-29 09:10:34.59726
509,C-28-7,957,979200.0,1088000.0,23011.2,,3,2017-06-04 10:58:26.296629,2017-06-04 10:58:26.309764
127,L15-02,1335,613620.0,681800.0,5768.03,,10,2017-04-29 09:10:34.720757,2017-04-29 09:10:34.738265
128,J-27-03,1215,1040007.2,1300009.0,14664.1,,8,2017-04-29 09:10:34.845332,2017-04-29 09:10:34.868048
129,J-32-03,1215,1047084.8,1308856.0,14763.9,,8,2017-04-29 09:10:34.983717,2017-04-29 09:10:35.00798
130,D-33-10,1403,798065.0,938900.0,12753.08,,1,2017-04-29 09:10:35.213613,2017-04-29 09:10:35.238036
131,A-6-2,1050,482600.0,536200.0,3619.63,,6,2017-04-29 09:10:35.572378,2017-04-29 09:10:35.597722
132,L 21-03,947,476820.0,529800.0,4482.11,,10,2017-04-29 09:10:35.815017,2017-04-29 09:10:35.839289
133,L30-03,947,471742.0,523800.0,4434.37,,10,2017-04-29 09:10:35.957812,2017-04-29 09:10:35.978184
134,N-3-6,1155,648560.0,737000.0,9144.7,,9,2017-04-29 09:10:36.1708,2017-04-29 09:10:36.190351
135,A-22-08,500,279450.0,310500.0,3152.2,,14,2017-04-29 09:10:36.335379,2017-04-29 09:10:36.363503
144,B-22-13A,1000,479200.0,530200.0,3603.584,,6,2017-04-29 09:10:38.638496,2017-05-06 14:50:50.723824
375,Q-16-15,850,273240.0,297000.0,2568.456,,20,2017-05-07 10:23:29.356462,2017-05-07 10:23:29.374288
136,B-12-11,1050,497200.0,550750.0,3729.13,,6,2017-04-29 09:10:36.469906,2017-04-29 09:10:36.49465
399,B-5-8,1000,459000.0,510000.0,3451.68,,6,2017-05-14 04:27:28.408845,2017-05-14 04:27:28.424969
137,A-17-8,1000,466800.0,466800.0,3501.12,,6,2017-04-29 09:10:36.725495,2017-04-29 09:10:36.749341
404,K-40-01,2065,1819176.0,2273970.0,25650.3816,,8,2017-05-15 06:07:48.695673,2017-05-15 06:07:48.695673
410,B-3-7,1000,459000.0,510000.0,3451.68,,6,2017-05-15 06:42:21.946617,2017-05-15 06:42:21.958276
138,A-18-7,1050,490500.0,544000.0,3678.88,,6,2017-04-29 09:10:37.005014,2017-04-29 09:10:37.077358
415,Q-16-23,850,273240.0,297000.0,2568.456,,20,2017-05-17 10:16:30.555154,2017-05-17 10:16:30.577423
139,A-6-3,1000,459700.0,510700.0,3447.87,,6,2017-04-29 09:10:37.388595,2017-04-29 09:10:37.410743
432,S1-25-9,835,554326.0,615918.0,2605.3322,,24,2017-05-21 15:01:12.110546,2017-05-21 15:01:12.110546
441,Q-16-15,850,273240.0,297000.0,2568.456,,20,2017-05-24 02:10:21.018345,2017-05-24 02:10:21.018345
140,L 17-03A,1335,586532.0,683800.0,5513.4,,10,2017-04-29 09:10:37.518905,2017-04-29 09:10:37.54777
453,21-07,,563239.8,658760.0,9000.572004,,7,2017-05-27 12:49:15.73276,2017-05-27 12:49:15.746093
141,A-25-06,1525,804525.0,946500.0,12856.31,,1,2017-04-29 09:10:37.914528,2017-04-29 09:10:37.935366
456,S1-25-1,753,509506.2,566118.0,2394.67914,,24,2017-05-28 03:39:45.531601,2017-05-28 03:39:45.5496
477,19-13,411,597679.0,699040.0,9550.91042,,7,2017-05-30 12:00:58.499103,2017-05-30 12:00:58.499103
142,19-13,411,597679.2,699040.0,9550.91,,7,2017-04-29 09:10:38.262456,2017-04-29 09:10:38.307717
510,S1-22-10,753,504673.2,560748.0,2371.96404,,24,2017-06-04 11:55:08.616481,2017-06-04 11:55:08.633708
143,N6-3A,1155,620312.0,740000.0,8746.4,,9,2017-04-29 09:10:38.432224,2017-04-29 09:10:38.471068
145,A-9-5,1000,461800.0,512800.0,3463.62,,6,2017-04-29 09:10:38.88091,2017-04-29 09:10:38.898704
146,D-5-3,900,400000.0,420000.0,3000.1,,12,2017-04-29 09:10:39.017931,2017-04-29 09:10:39.055226
147,A-16-2,1050,489000.0,542600.0,3667.63,,6,2017-04-29 09:10:39.170685,2017-04-29 09:10:39.188675
148,17-12,411,594259.2,695040.0,9496.26,,7,2017-04-29 09:10:39.376936,2017-04-29 09:10:39.40152
149,11-12,411,587419.2,687040.0,9386.96,,7,2017-04-29 09:10:39.673417,2017-04-29 09:10:39.689435
150,18-12,411,675484.0,790040.0,10794.23,,7,2017-04-29 09:10:39.877073,2017-04-29 09:10:39.89969
151,25-12,411,607939.2,711040.0,9714.87,,7,2017-04-29 09:10:40.264977,2017-04-29 09:10:40.285144
152,N-3-2,11155,651200.0,740000.0,9181.92,,9,2017-04-29 09:10:40.412303,2017-04-29 09:10:40.433178
153,A-12A-03,726,389400.0,442500.0,4392.43,,14,2017-04-29 09:10:40.622266,2017-04-29 09:10:40.638776
154,13A-15,384,532752.0,645760.0,8513.38,,7,2017-04-29 09:10:40.813738,2017-04-29 09:10:40.829663
159,25-02,578,846569.7,990140.0,13528.183806,,7,2017-04-29 09:10:42.186946,2017-05-08 09:43:40.282085
405,K-40-01,2065,1819176.0,2273970.0,25650.3816,,8,2017-05-15 06:08:04.986641,2017-05-15 06:08:04.986641
155,25-13,411,607939.2,711040.0,9714.87,,7,2017-04-29 09:10:41.015662,2017-04-29 09:10:41.031736
407,A-25-06,1525,804525.0,946500.0,12856.3095,,1,2017-05-15 06:13:11.528774,2017-05-15 06:13:11.528774
156,19-08,384,559819.8,654760.0,8945.92,,7,2017-04-29 09:10:41.361602,2017-04-29 09:10:41.386839
416,L 24-3A,1335,600844.0,701800.0,5647.9336,,10,2017-05-17 11:08:54.02809,2017-05-17 11:08:54.040493
417,A-21-3A,1000,469700.0,520700.0,3532.144,,6,2017-05-17 12:19:08.416371,2017-05-17 12:19:08.425054
157,13-12,411,589129.0,689040.0,9414.28,,7,2017-04-29 09:10:41.679536,2017-04-29 09:10:41.701266
442,23-09,384,576601.0,662760.0,9214.08398,,7,2017-05-24 10:05:54.934858,2017-05-24 10:05:54.949541
158,25-05,578,856578.0,990140.0,13688.12,,7,2017-04-29 09:10:41.942211,2017-04-29 09:10:41.971679
454,21-07,384,563239.8,658760.0,9000.572004,,7,2017-05-27 13:18:01.143058,2017-05-27 13:18:01.143058
478,B-21-08,1000,469000.0,520000.0,3526.88,,6,2017-05-30 13:10:09.875226,2017-05-30 13:10:09.895673
511,S1-22-10,753,504673.2,560748.0,2371.96404,,24,2017-06-04 11:55:09.639105,2017-06-04 11:55:09.657266
160,15-13,411,577018.0,691040.0,9220.75,,7,2017-04-29 09:10:42.48521,2017-04-29 09:10:42.550688
161,B-5-17,1000,469200.0,520200.0,3519.12,,6,2017-04-29 09:10:42.698922,2017-04-29 09:10:42.73146
162,23A-11,411,606229.2,709040.0,9687.54,,7,2017-04-29 09:10:43.01982,2017-04-29 09:10:43.048454
163,A-21-3A,1000,469700.0,520710.0,3522.87,,6,2017-04-29 09:10:43.257209,2017-04-29 09:10:43.280461
164,A-20-03,726,392040.0,445500.0,4422.21,,14,2017-04-29 09:10:43.479804,2017-04-29 09:10:43.500135
165,13A-05,578,828615.7,969140.0,13241.28,,7,2017-04-29 09:10:43.865983,2017-04-29 09:10:43.8871
166,12-13,411,588274.2,688040.0,9400.62,,7,2017-04-29 09:10:44.19669,2017-04-29 09:10:44.21766
167,L32-03,947,450332.0,525800.0,4233.12,,10,2017-04-29 09:10:44.336836,2017-04-29 09:10:44.359215
168,C-33-07 ,1219,780555.0,918300.0,12473.27,,1,2017-04-29 09:10:44.701196,2017-04-29 09:10:44.723797
169,N-4-7,1155,657360.0,747000.0,9268.78,,9,2017-04-29 09:10:44.832982,2017-04-29 09:10:44.852882
170,A-23-10,1403,804100.0,946000.0,12849.52,,1,2017-04-29 09:10:45.047162,2017-04-29 09:10:45.167417
171,A-30-09,1219,748170.0,880200.0,11955.76,,1,2017-04-29 09:10:45.482077,2017-04-29 09:10:45.572834
172,C-29-06,1219,743155.0,874300.0,11875.62,,1,2017-04-29 09:10:45.807652,2017-04-29 09:10:45.964759
173,A-12B-03,726,390280.0,443500.0,4402.36,,14,2017-04-29 09:10:46.223664,2017-04-29 09:10:46.250674
189,A-21-09,1298,732870.0,862200.0,11711.2626,,1,2017-04-29 09:10:49.926876,2017-04-29 09:10:49.95001
174,C-18-3A,1403,738820.0,869200.0,11806.34,,1,2017-04-29 09:10:46.437693,2017-04-29 09:10:46.456645
406,A-10-02,1219,685059.2,822400.0,10947.246016,,1,2017-05-15 06:12:49.253407,2017-05-15 06:12:49.253407
418,1D-18-7,1100,635000.0,676300.0,4775.2,,13,2017-05-17 12:25:18.550479,2017-05-17 12:25:18.570288
175,C-12-3A,1403,726070.0,854200.0,11602.6,,1,2017-04-29 09:10:46.638512,2017-04-29 09:10:46.65449
455,21-07,384,563239.8,658760.0,9000.572004,,7,2017-05-28 01:56:02.658673,2017-05-28 01:56:02.658673
176,A-10-10,1403,788800.0,928000.0,12605.02,,1,2017-04-29 09:10:46.754356,2017-04-29 09:10:46.770511
177,C-9-06,1219,716805.0,843300.0,11454.54,,1,2017-04-29 09:10:47.027813,2017-04-29 09:10:47.049693
178,B-21-5,1000,469000.0,520000.0,3517.62,,6,2017-04-29 09:10:47.257266,2017-04-29 09:10:47.277331
179,C-43-8,850,460000.0,460000.0,3450.12,,2,2017-04-29 09:10:47.560793,2017-04-29 09:10:47.581459
180,C-40-02,1262,730320.0,859200.0,11670.51,,1,2017-04-29 09:10:47.716424,2017-04-29 09:10:47.738176
181,C-15-05,1403,812090.0,955400.0,12977.2,,1,2017-04-29 09:10:48.00867,2017-04-29 09:10:48.02537
182,09-12,411,585709.2,685040.0,9359.63,,7,2017-04-29 09:10:48.222462,2017-04-29 09:10:48.245067
183,A-19-03,1262,714340.0,840400.0,11415.15,,1,2017-04-29 09:10:48.349549,2017-04-29 09:10:48.368436
184,A-26-10,1403,809200.0,952000.0,12931.02,,1,2017-04-29 09:10:48.472351,2017-04-29 09:10:48.494006
185,9-12,411,595709.0,685040.0,9519.43,,7,2017-04-29 09:10:48.687262,2017-04-29 09:10:48.703318
186,B-26-09,1219,721480.0,848800.0,11529.25,,1,2017-04-29 09:10:48.891088,2017-04-29 09:10:48.911526
187,C-13-05,1403,810390.0,953400.0,12950.03,,1,2017-04-29 09:10:49.020633,2017-04-29 09:10:49.043722
188,C-13A-05,1434,818040.0,962400.0,13072.28,,1,2017-04-29 09:10:49.150205,2017-04-29 09:10:49.242235
190,A-18-09,1209,726920.0,855200.0,11616.18,,1,2017-04-29 09:10:50.089936,2017-04-29 09:10:50.130724
191,21-12,1115,631800.0,631800.0,4738.66,,15,2017-04-29 09:10:50.341786,2017-04-29 09:10:50.364199
192,10-13,411,587564.0,686040.0,9389.27,,7,2017-04-29 09:10:50.580098,2017-04-29 09:10:50.722883
193,22-25,1000,1203600.0,1107300.0,6788.3,,16,2017-04-29 09:10:50.879136,2017-04-29 09:10:50.940764
408,15-09,384,552979.8,646760.0,8836.617204,,7,2017-05-15 06:31:31.698592,2017-05-15 06:31:31.698592
419,C-45-11,850,460000.0,460000.0,3459.2,,2,2017-05-18 06:08:11.398651,2017-05-18 06:08:11.413453
194,A-13A-10,1525,802400.0,944000.0,12822.35,,1,2017-04-29 09:10:51.17094,2017-04-29 09:10:51.257286
457,J-23-01,2065,1671783.2,2089729.0,23572.14312,,8,2017-05-28 06:11:54.689156,2017-05-28 06:11:54.689156
195,B-13-5,1000,459000.0,510000.0,3442.62,,6,2017-04-29 09:10:51.413731,2017-04-29 09:10:51.447844
196,L29-3A,1335,602632.0,702800.0,5664.74,,10,2017-04-29 09:10:51.601812,2017-04-29 09:10:51.637349
197,B-6-1,1050,482700.0,482700.0,3620.38,,6,2017-04-29 09:10:51.76691,2017-04-29 09:10:51.803241
198,L 24-02,1055,492932.0,574800.0,4633.56,,10,2017-04-29 09:10:51.95072,2017-04-29 09:10:51.982542
199,K-40-01,2065,1819176.0,2273970.0,25650.38,,8,2017-04-29 09:10:52.208694,2017-04-29 09:10:52.235309
200,A-12-3A,1219,685248.0,825600.0,10950.26,,1,2017-04-29 09:10:52.469498,2017-04-29 09:10:52.494002
201,L 16-02,1335,585632.0,682800.0,5504.94,,10,2017-04-29 09:10:52.673572,2017-04-29 09:10:52.706184
202,A-22-07,1219,727175.0,855500.0,11620.26,,1,2017-04-29 09:10:53.132926,2017-04-29 09:10:53.175166
203,A-31-10,1403,817700.0,962000.0,13066.85,,1,2017-04-29 09:10:53.391759,2017-04-29 09:10:53.426112
204,L 03-03,947,416132.0,487800.0,3911.64,,10,2017-04-29 09:10:53.615373,2017-04-29 09:10:53.659214
205,A-31-07,1298,750975.0,883500.0,12000.58,,1,2017-04-29 09:10:53.888334,2017-04-29 09:10:53.92047
206,C-13-15,900,400000.0,420000.0,3000.1,,12,2017-04-29 09:10:54.143015,2017-04-29 09:10:54.1732
207,B-6-2,1000,459800.0,510800.0,3448.62,,6,2017-04-29 09:10:54.449844,2017-04-29 09:10:54.466821
208,A-15-02,1219,704310.0,828600.0,11254.87,,1,2017-04-29 09:10:54.787368,2017-04-29 09:10:54.807229
209,C-39-02,1219,678511.0,849200.0,10842.61,,1,2017-04-29 09:10:54.906749,2017-04-29 09:10:54.925644
210,A-2-6,1050,481900.0,535500.0,3614.38,,6,2017-04-29 09:10:55.12549,2017-04-29 09:10:55.148701
211,B-19-05,1000,467600.0,467600.0,3507.12,,6,2017-04-29 09:10:55.351286,2017-04-29 09:10:55.372764
212,B-7-5,1000,460500.0,460500.0,3453.87,,6,2017-04-29 09:10:55.486713,2017-04-29 09:10:55.506577
409,K-22-03A,1603,1406198.0,1757748.0,19827.3918,,8,2017-05-15 06:36:28.684602,2017-05-15 06:36:28.684602
213,B-7-2,1000,460500.0,460500.0,3453.87,,6,2017-04-29 09:10:55.605569,2017-04-29 09:10:55.623126
420,B-3-11,1050,489200.0,543555.0,3678.784,,6,2017-05-18 13:05:08.461301,2017-05-18 13:05:08.491323
458,10-12,411,596854.8,686040.0,9537.739704,,7,2017-05-28 06:13:14.036272,2017-05-28 06:13:14.036272
214,B-7-3A,1000,460500.0,460500.0,3453.87,,6,2017-04-29 09:10:55.721946,2017-04-29 09:10:55.738719
215,A-39-09,1298,764575.0,899500.0,12217.91,,1,2017-04-29 09:10:56.017829,2017-04-29 09:10:56.038605
216,13A-11,411,589984.2,690040.0,9427.95,,7,2017-04-29 09:10:56.359193,2017-04-29 09:10:56.402162
217,A-22-03,726,392040.0,445500.0,4422.21,,14,2017-04-29 09:10:56.592773,2017-04-29 09:10:56.6156
218,C-21-10,850,460000.0,460000.0,3450.12,,2,2017-04-29 09:10:56.811129,2017-04-29 09:10:56.842889
219,L 20-01,947,447532.0,523800.0,4206.8,,10,2017-04-29 09:10:56.966736,2017-04-29 09:10:56.98426
220,C-33A-02,1513,1112409.0,1236010.0,17776.3,,11,2017-04-29 09:10:57.091593,2017-04-29 09:10:57.118506
221,A-11-05,1400,1303470.0,2069000.0,30631.55,,17,2017-04-29 09:10:57.347308,2017-04-29 09:10:57.380051
222,A-11-06,1405,1294650.0,2055000.0,30424.28,,17,2017-04-29 09:10:57.63521,2017-04-29 09:10:57.664631
223,B-13-7,1000,459000.0,510000.0,3442.62,,6,2017-04-29 09:10:57.785357,2017-04-29 09:10:57.809575
224,C-36-08,987,1035000.0,1150000.0,24322.5,,3,2017-04-29 09:10:58.101607,2017-04-29 09:10:58.125003
225,L33-01,947,451232.0,526800.0,4241.58,,10,2017-04-29 09:10:58.340072,2017-04-29 09:10:58.362467
226,33-10,384,583760.0,682760.0,9328.48,,7,2017-04-29 09:10:58.572569,2017-04-29 09:10:58.596728
227,A-21-08,1219,736865.0,866900.0,11775.1,,1,2017-04-29 09:10:58.791299,2017-04-29 09:10:58.814293
228,A-18-5,1200,1103900.0,1103900.0,10376.66,,18,2017-04-29 09:10:59.219557,2017-04-29 09:10:59.279371
229,C-32-05,1403,845580.0,994800.0,13512.37,,1,2017-04-29 09:10:59.45344,2017-04-29 09:10:59.503403
230,A-23-03,726,446500.0,446500.0,5036.52,,14,2017-04-29 09:10:59.996848,2017-04-29 09:11:00.036307
231,30-12,411,616489.2,721040.0,9851.5,,7,2017-04-29 09:11:00.243338,2017-04-29 09:11:00.273279
421,2-18-7,1100,629600.0,629600.0,4734.592,,13,2017-05-18 13:34:23.412082,2017-05-18 13:34:23.412082
232,L10-02,1055,474032.0,553800.0,4455.9,,10,2017-04-29 09:11:00.392537,2017-04-29 09:11:00.424371
459,A-39-09,1298,764575.0,899500.0,12217.9085,,1,2017-05-28 06:14:16.485015,2017-05-28 06:14:16.485015
233,A-13-7,1244,1235650.0,1901000.0,29037.78,,17,2017-04-29 09:11:00.619735,2017-04-29 09:11:00.648147
234,A-13-06,1391,1337050.0,2057000.0,31420.68,,17,2017-04-29 09:11:00.896811,2017-04-29 09:11:00.925716
235,A-41-06,1391,1370200.0,2108000.0,32199.7,,17,2017-04-29 09:11:01.146389,2017-04-29 09:11:01.183106
236,L26-03,947,444032.0,518800.0,4173.9,,10,2017-04-29 09:11:01.401814,2017-04-29 09:11:01.42961
237,D-33-05,1434,748000.0,880000.0,11953.04,,1,2017-04-29 09:11:01.591065,2017-04-29 09:11:01.623596
238,A-40-06,823,863100.0,959000.0,20282.85,,3,2017-04-29 09:11:01.7316,2017-04-29 09:11:01.753701
239,N-4-2,1155,648560.0,737000.0,9144.7,,9,2017-04-29 09:11:01.956392,2017-04-29 09:11:01.981313
240,B-31-06,1403,829175.0,975500.0,13250.22,,1,2017-04-29 09:11:02.299425,2017-04-29 09:11:02.340606
241,16-7,1055,559800.0,559800.0,5262.12,,10,2017-04-29 09:11:02.627594,2017-04-29 09:11:02.649137
242,19-7,1055,507420.0,563800.0,4769.75,,10,2017-04-29 09:11:02.956389,2017-04-29 09:11:02.977153
243,N-3-3A,1155,648560.0,737000.0,9144.7,,9,2017-04-29 09:11:03.464159,2017-04-29 09:11:03.488108
244,22-3,947,463320.0,514800.0,4355.21,,10,2017-04-29 09:11:03.686259,2017-04-29 09:11:03.705845
245,A-20-05,1403,772735.0,909100.0,12348.31,,1,2017-04-29 09:11:03.976959,2017-04-29 09:11:03.994793
246,L 28-03,947,449432.0,524800.0,4224.66,,10,2017-04-29 09:11:04.101163,2017-04-29 09:11:04.123952
247,L23-09,1050,486632.0,567800.0,4574.34,,10,2017-04-29 09:11:04.398803,2017-04-29 09:11:04.416305
248,C-25-06,1293,775455.0,912300.0,12391.77,,1,2017-04-29 09:11:04.626843,2017-04-29 09:11:04.645688
249,L-15-09,1335,589232.0,686800.0,5538.78,,10,2017-04-29 09:11:04.855593,2017-04-29 09:11:04.883046
250,C-40-3A,850,460000.0,460000.0,3450.12,,2,2017-04-29 09:11:05.063989,2017-04-29 09:11:05.082343
266,C-36-06,1219,755055.0,888300.0,12065.7789,,1,2017-04-29 09:11:08.735168,2017-04-29 09:11:08.757013
251,L 13-03,947,441332.0,515800.0,4148.52,,10,2017-04-29 09:11:05.370505,2017-04-29 09:11:05.398368
422,12-3A,1161,614770.0,664770.0,4623.0704,,12,2017-05-19 04:51:33.536714,2017-05-19 04:51:33.566294
460,K-40-01,2065,1819176.0,2273970.0,25650.3816,,8,2017-05-28 06:15:08.396427,2017-05-28 06:15:08.396427
252,L 11-03,947,439532.0,513800.0,4131.6,,10,2017-04-29 09:11:05.520623,2017-04-29 09:11:05.54463
463,A-35-03,1219,718449.0,865600.0,11480.81502,,1,2017-05-28 15:21:35.887821,2017-05-28 15:21:35.897906
253,B-11-2,1000,463300.0,514300.0,3474.87,,6,2017-04-29 09:11:05.663166,2017-04-29 09:11:05.692996
254,L22-09,1055,485732.0,566800.0,4565.88,,10,2017-04-29 09:11:06.015795,2017-04-29 09:11:06.041928
255,B-27-06,1434,829175.0,975500.0,13250.22,,1,2017-04-29 09:11:06.257506,2017-04-29 09:11:06.284561
256,C-36-09,1219,755055.0,888300.0,12065.78,,1,2017-04-29 09:11:06.410371,2017-04-29 09:11:06.437158
257,L 18-03,947,434132.0,507800.0,4080.84,,10,2017-04-29 09:11:06.616872,2017-04-29 09:11:06.634505
258,A-28-09,1219,745025.0,876500.0,11905.5,,1,2017-04-29 09:11:06.899429,2017-04-29 09:11:06.915662
259,A-16-03,726,390280.0,443500.0,3668.63,,14,2017-04-29 09:11:07.017926,2017-04-29 09:11:07.034165
260,10-12,411,586564.2,686040.0,9373.3,,7,2017-04-29 09:11:07.367527,2017-04-29 09:11:07.400701
261,L 34-03,947,457020.0,527800.0,5155.19,,10,2017-04-29 09:11:07.60956,2017-04-29 09:11:07.632633
262,B-9-7,1000,458900.0,512900.0,3441.87,,6,2017-04-29 09:11:07.82979,2017-04-29 09:11:07.850953
263,A-17-10,1403,801555.0,943000.0,12808.85,,1,2017-04-29 09:11:07.965457,2017-04-29 09:11:07.984734
264,16-15,384,535227.0,648760.0,8552.93,,7,2017-04-29 09:11:08.155815,2017-04-29 09:11:08.17328
265,B-25-7,1000,469000.0,520000.0,3517.62,,6,2017-04-29 09:11:08.435819,2017-04-29 09:11:08.450839
267,A-5-1,1050,481900.0,535500.0,3614.38,,6,2017-04-29 09:11:09.039143,2017-04-29 09:11:09.054628
268,19-3A,578,836310.0,978140.0,13364.23,,7,2017-04-29 09:11:09.164588,2017-04-29 09:11:09.188752
269,B-19-1,1050,490600.0,544150.0,3679.63,,6,2017-04-29 09:11:09.384457,2017-04-29 09:11:09.399719
270,A-19-02,750,401850.0,446500.0,2266.43,,19,2017-04-29 09:11:09.501223,2017-04-29 09:11:09.517905
285,A-23-09,1219,728875.0,857500.0,11647.4225,,1,2017-04-29 09:11:12.618879,2017-04-29 09:11:12.637036
423,J-22-01,2065,1701052.0,2126315.0,23984.8332,,8,2017-05-19 06:33:23.128347,2017-05-19 06:33:23.15622
271,A-41-07,1244,1268800.0,1952000.0,29816.8,,17,2017-04-29 09:11:09.687316,2017-04-29 09:11:09.704556
461,C-29-06,1219,743155.0,874300.0,11875.6169,,1,2017-05-28 09:14:44.449131,2017-05-28 09:14:44.457763
272,B-31-7,1000,479200.0,530200.0,3594.12,,6,2017-04-29 09:11:10.042629,2017-04-29 09:11:10.061633
273,N32-6,1155,703120.0,799000.0,9913.99,,9,2017-04-29 09:11:10.173981,2017-04-29 09:11:10.20343
274,B-23A-09,1246,755480.0,888800.0,12072.57,,1,2017-04-29 09:11:10.454294,2017-04-29 09:11:10.482421
275,N16-3,1155,717200.0,815000.0,10112.52,,9,2017-04-29 09:11:10.596685,2017-04-29 09:11:10.61714
276,N11-6,1155,681120.0,774000.0,9603.79,,9,2017-04-29 09:11:10.903284,2017-04-29 09:11:10.919948
277,27-12,411,622085.0,715040.0,9940.92,,7,2017-04-29 09:11:11.114528,2017-04-29 09:11:11.134233
278,27-13,411,622085.0,715040.0,9940.92,,7,2017-04-29 09:11:11.368557,2017-04-29 09:11:11.402578
279,J-23-01,2065,1671783.2,2089729.0,23572.14,,8,2017-04-29 09:11:11.60726,2017-04-29 09:11:11.627528
280,C-13A-06,1246,758455.0,892300.0,12120.11,,1,2017-04-29 09:11:11.746323,2017-04-29 09:11:11.771257
281,A-32-01,1403,771715.0,907900.0,12332.01,,1,2017-04-29 09:11:11.887195,2017-04-29 09:11:11.909087
282,C-37-02,1298,726920.0,855200.0,11616.18,,1,2017-04-29 09:11:12.013628,2017-04-29 09:11:12.031443
283,B-39-05,1403,810163.0,1006800.0,12946.4,,1,2017-04-29 09:11:12.12867,2017-04-29 09:11:12.144954
284,C-10-05,1403,814980.0,958800.0,13023.38,,1,2017-04-29 09:11:12.339316,2017-04-29 09:11:12.356369
286,C-12-07,384,550414.8,643760.0,8795.63,,7,2017-04-29 09:11:12.75622,2017-04-29 09:11:12.773703
287,J-23A-02,1377,1166059.2,1534288.0,16441.43,,8,2017-04-29 09:11:12.870844,2017-04-29 09:11:12.89013
288,A-11-08,1219,725815.0,853900.0,11598.52,,1,2017-04-29 09:11:13.154392,2017-04-29 09:11:13.170472
289,C-23A-06,1219,765255.0,900300.0,12228.77,,1,2017-04-29 09:11:13.368437,2017-04-29 09:11:13.384058
462,26-09,384,581821.2,668760.0,9297.502776,,7,2017-05-28 10:24:13.132373,2017-05-28 10:24:13.143167
290,C-35-09,1219,753355.0,886300.0,12038.61,,1,2017-04-29 09:11:13.489668,2017-04-29 09:11:13.509461
291,B-17-3A,726,413540.0,449500.0,4664.73,,14,2017-04-29 09:11:13.779791,2017-04-29 09:11:13.810408
292,13-09,384,551269.8,644760.0,8809.29,,7,2017-04-29 09:11:14.334897,2017-04-29 09:11:14.351128
293,15-09,384,552979.8,646760.0,8836.62,,7,2017-04-29 09:11:14.719422,2017-04-29 09:11:14.739251
294,C-31-02,1298,716720.0,843200.0,11453.19,,1,2017-04-29 09:11:14.93802,2017-04-29 09:11:14.955939
295,A-5-3A,1000,459000.0,510000.0,3442.62,,6,2017-04-29 09:11:15.551781,2017-04-29 09:11:15.568655
296,17-07,1055,457180.0,560800.0,4297.49,,10,2017-04-29 09:11:15.78201,2017-04-29 09:11:15.811514
297,19-13A,384,579641.2,654760.0,9262.67,,7,2017-04-29 09:11:16.145123,2017-04-29 09:11:16.168476
298,25-16,384,580081.2,666760.0,9269.7,,7,2017-04-29 09:11:16.298049,2017-04-29 09:11:16.355697
299,15-12,411,590839.2,691040.0,9441.61,,7,2017-04-29 09:11:16.825185,2017-04-29 09:11:16.870548
300,Q-16-20,850,273240.0,297000.0,1797.92,,20,2017-04-29 09:11:17.041084,2017-04-29 09:11:17.076507
301,L31-3A,1335,603432.0,704800.0,5672.26,,10,2017-04-29 09:11:17.264294,2017-04-29 09:11:17.296143
302,UNIT â€“ DG3-33A-11,715,651840.0,651840.0,7352.76,,21,2017-04-29 09:11:17.419952,2017-04-29 09:11:17.451594
303,B-11-10,729,422556.0,459300.0,3972.03,,14,2017-04-29 09:11:17.608712,2017-04-29 09:11:17.691721
304,N-9-2,1155,704880.0,801000.0,9938.81,,9,2017-04-29 09:11:17.825064,2017-04-29 09:11:17.849895
305,A-13-07,1244,1337050.0,2057000.0,31420.68,,17,2017-04-29 09:11:18.103552,2017-04-29 09:11:18.127515
306,B-12A-05,726,402750.0,447500.0,3785.85,,14,2017-04-29 09:11:18.324839,2017-04-29 09:11:18.349034
307,C-39-09,1298,741526.0,904300.0,11849.59,,1,2017-04-29 09:11:18.466119,2017-04-29 09:11:18.491546
308,C-40-03,1262,704544.0,859200.0,11258.61,,1,2017-04-29 09:11:18.609788,2017-04-29 09:11:18.627984
464,A-35-03,1219,718449.0,865600.0,11480.81502,,1,2017-05-28 23:12:14.623029,2017-05-28 23:12:14.623029
309,C-38-02,1246,708644.0,864200.0,11324.13,,1,2017-04-29 09:11:18.741964,2017-04-29 09:11:18.764964
310,C-33A-03,1298,696344.0,849200.0,11127.58,,1,2017-04-29 09:11:18.869562,2017-04-29 09:11:18.895824
311,C-33A-09,1298,733326.0,894300.0,11718.55,,1,2017-04-29 09:11:19.007104,2017-04-29 09:11:19.040154
312,C-40-09,1219,734966.0,896300.0,11744.76,,1,2017-04-29 09:11:19.212387,2017-04-29 09:11:19.237427
313,C-33A-06,1219,725126.0,884300.0,11587.51,,1,2017-04-29 09:11:19.38959,2017-04-29 09:11:19.416714
314,26-13,411,588258.0,713040.0,9400.36,,7,2017-04-29 09:11:19.55051,2017-04-29 09:11:19.579261
315,23-13,411,583308.0,707040.0,9321.26,,7,2017-04-29 09:11:19.711191,2017-04-29 09:11:19.735766
316,23A-13,411,584958.0,709040.0,9347.63,,7,2017-04-29 09:11:19.851815,2017-04-29 09:11:19.885484
317,33-12,411,599808.0,727040.0,9584.93,,7,2017-04-29 09:11:20.017877,2017-04-29 09:11:20.041526
318,23A-12,411,584958.0,709040.0,9347.63,,7,2017-04-29 09:11:20.171533,2017-04-29 09:11:20.203287
319,33-11,411,599808.0,727040.0,9584.93,,7,2017-04-29 09:11:20.394479,2017-04-29 09:11:20.515597
320,13A-12,411,589984.2,690040.0,9427.95,,7,2017-04-29 09:11:20.834199,2017-04-29 09:11:20.86682
321,13A-13,411,589984.2,690040.0,9427.95,,7,2017-04-29 09:11:21.005909,2017-04-29 09:11:21.04573
322,29-13,411,614779.2,719040.0,9824.17,,7,2017-04-29 09:11:21.253699,2017-04-29 09:11:21.290385
323,33A-12,411,623329.2,729040.0,9960.8,,7,2017-04-29 09:11:21.447077,2017-04-29 09:11:21.484457
324,33A-13,411,623329.2,729040.0,9960.8,,7,2017-04-29 09:11:21.603241,2017-04-29 09:11:21.63095
325,L 21-01,947,437532.0,513800.0,4112.8,,10,2017-04-29 09:11:21.737147,2017-04-29 09:11:21.759521
326,K-22-03A,1603,1406198.0,1757748.0,19827.39,,8,2017-04-29 09:11:22.037145,2017-04-29 09:11:22.060747
327,A-22-3A,1246,720460.0,847600.0,11512.95,,1,2017-04-29 09:11:22.292452,2017-04-29 09:11:22.317909
342,C-37-06,1219,711340.0,890300.0,11367.2132,,1,2017-04-29 09:11:25.942064,2017-04-29 09:11:25.95749
465,C-36-3,850,460000.0,460000.0,3459.2,,2,2017-05-28 23:55:26.129977,2017-05-28 23:55:26.139446
328,C-10-16,900,400000.0,420000.0,3000.1,,12,2017-04-29 09:11:22.622868,2017-04-29 09:11:22.641425
329,A-26-3A,1219,720460.0,847600.0,11512.95,,1,2017-04-29 09:11:22.919115,2017-04-29 09:11:22.951402
330,C-28-20,900,400000.0,420000.0,3000.1,,12,2017-04-29 09:11:23.117468,2017-04-29 09:11:23.141843
331,32-12,411,632525.0,727040.0,10107.75,,7,2017-04-29 09:11:23.552874,2017-04-29 09:11:23.57387
332,B-29-6,1000,469000.0,520000.0,3517.62,,6,2017-04-29 09:11:23.916407,2017-04-29 09:11:23.936772
333,A-22-5,1000,469700.0,520700.0,3522.87,,6,2017-04-29 09:11:24.038237,2017-04-29 09:11:24.057377
334,L-28-8,1055,499620.0,576800.0,4696.43,,10,2017-04-29 09:11:24.309857,2017-04-29 09:11:24.327013
335,16-07 TYPE B,384,554689.8,648760.0,8863.94,,7,2017-04-29 09:11:24.448315,2017-04-29 09:11:24.474783
336,35-11,411,625039.0,731040.0,9988.12,,7,2017-04-29 09:11:24.788494,2017-04-29 09:11:24.805191
337,35-12,411,625039.0,731040.0,9988.12,,7,2017-04-29 09:11:24.997405,2017-04-29 09:11:25.020507
338,A-25-8,500,286580.0,311500.0,2693.85,,14,2017-04-29 09:11:25.221771,2017-04-29 09:11:25.237356
339,35-13,411,625039.0,731040.0,9988.12,,7,2017-04-29 09:11:25.419902,2017-04-29 09:11:25.436751
340,Q4-19,850,303600.0,313000.0,2853.84,,20,2017-04-29 09:11:25.53516,2017-04-29 09:11:25.551395
341,C-35-06,1293,707840.0,896000.0,11311.28,,1,2017-04-29 09:11:25.752618,2017-04-29 09:11:25.768279
343,A-23A-3,1000,459000.0,510000.0,3442.62,,6,2017-04-29 09:11:26.13925,2017-04-29 09:11:26.159738
